mun_id;municipio_resid;data;Mean;0.05 quantile;Median;0.95 quantile
3503208;ARARAQUARA;19/04/2021;2,207888569;1,923616061;2,203111432;2,508456852
3503209;ARARAQUARA;20/04/2021;1,714616423;1,488072052;1,710703367;1,954509044
3503210;ARARAQUARA;21/04/2021;1,255924799;1,076343369;1,252550275;1,447017504
3503211;ARARAQUARA;22/04/2021;1,161204275;0,994516106;1,1580589;1,338622042
3503212;ARARAQUARA;23/04/2021;1,271800699;1,099717727;1,268752121;1,454283024
3503213;ARARAQUARA;24/04/2021;1,37930557;1,203369557;1,376378216;1,565227372
3503214;ARARAQUARA;25/04/2021;1,188700942;1,03059051;1,185950455;1,356193863
3503215;ARARAQUARA;26/04/2021;1,101435325;0,952920134;1,098813972;1,258892506
3503216;ARARAQUARA;27/04/2021;1,046373337;0,903289321;1,043809817;1,198202077
3503217;ARARAQUARA;28/04/2021;1,17206514;1,021158114;1,169529181;1,331622833
3503218;ARARAQUARA;29/04/2021;1,139524042;0,992342618;1,137042382;1,295170908
3503219;ARARAQUARA;30/04/2021;0,918816076;0,788945506;0,916405614;1,056909278
3503220;ARARAQUARA;01/05/2021;0,78922823;0,669136926;0,786816005;0,917548237
3503221;ARARAQUARA;02/05/2021;0,810131901;0,686311319;0,807632871;0,942477304
3503222;ARARAQUARA;03/05/2021;0,869031059;0,737950174;0,866422754;1,009009514
3503223;ARARAQUARA;04/05/2021;0,865107777;0,732290967;0,862414234;1,007112938
3503224;ARARAQUARA;05/05/2021;1,021941912;0,875244531;1,01917376;1,178082098
3503225;ARARAQUARA;06/05/2021;1,165745175;1,008012211;1,162950818;1,33301029
3503226;ARARAQUARA;07/05/2021;1,280324934;1,116507395;1,277590239;1,453471067
3503227;ARARAQUARA;08/05/2021;1,239860175;1,082197303;1,23724542;1,406442498
3503228;ARARAQUARA;10/05/2021;1,526055441;1,354665109;1,523562612;1,705949245
3503229;ARARAQUARA;11/05/2021;1,685867852;1,512010065;1,683555841;1,867612278
3503230;ARARAQUARA;12/05/2021;1,671782868;1,508026383;1,669719392;1,842578183
3503231;ARARAQUARA;13/05/2021;1,582015329;1,431866008;1,58018467;1,7384093
3503232;ARARAQUARA;14/05/2021;1,567862126;1,426101143;1,566218971;1,715228144
3503233;ARARAQUARA;15/05/2021;1,408498514;1,280752579;1,407013035;1,541311629
3503234;ARARAQUARA;16/05/2021;1,246281393;1,131085068;1,244915123;1,366138263
3503235;ARARAQUARA;17/05/2021;1,199624261;1,089622546;1,198330417;1,314039467
3503236;ARARAQUARA;18/05/2021;1,053389754;0,952377511;1,052144874;1,158648467
3503237;ARARAQUARA;19/05/2021;0,981580575;0,885081564;0,980359974;1,082243243
3503238;ARARAQUARA;20/05/2021;0,974734311;0,878556894;0,973513112;1,075077426
3503239;ARARAQUARA;21/05/2021;0,998973506;0,901297522;0,997745025;1,100840024
3503240;ARARAQUARA;22/05/2021;0,950121703;0,8547828;0,948889664;1,049663285
3503241;ARARAQUARA;23/05/2021;0,948811582;0,853240105;0,947571594;1,048612851
3503242;ARARAQUARA;24/05/2021;1,04977776;0,948583986;1,048523812;1,15524894
3503243;ARARAQUARA;25/05/2021;1,07097281;0,968804639;1,069720471;1,177412896
3503244;ARARAQUARA;26/05/2021;1,183696963;1,076835385;1,18246031;1,29477694
3503245;ARARAQUARA;27/05/2021;1,246888055;1,138561265;1,24568354;1,359323615
3503246;ARARAQUARA;28/05/2021;1,129012716;1,028165836;1,127858516;1,233796734
3503247;ARARAQUARA;29/05/2021;1,216355396;1,113283704;1,215238631;1,323236523
3503248;ARARAQUARA;30/05/2021;1,180246715;1,080369651;1,179166079;1,283809975
3503249;ARARAQUARA;31/05/2021;1,155969219;1,058927911;1,154927972;1,256562359
3503250;ARARAQUARA;01/06/2021;1,263853757;1,163803778;1,262843626;1,367349423
3503251;ARARAQUARA;02/06/2021;1,273918368;1,175476419;1,272949003;1,375666944
3503252;ARARAQUARA;03/06/2021;1,215965007;1,122211498;1,215043946;1,312860374
3503253;ARARAQUARA;04/06/2021;1,20839814;1,116947706;1,207516856;1,302854747
3503254;ARARAQUARA;05/06/2021;1,12431224;1,037818312;1,123464456;1,213698066
3503255;ARARAQUARA;06/06/2021;1,091991751;1,007984256;1,091168338;1,178808012
3503256;ARARAQUARA;07/06/2021;1,09125173;1,008037916;1,090443502;1,177222511
3503257;ARARAQUARA;08/06/2021;1,034944621;0,954608054;1,034149841;1,117992282
3503258;ARARAQUARA;09/06/2021;0,984048994;0,906149094;0,983262496;1,06463174
3503259;ARARAQUARA;10/06/2021;0,986719655;0,908700168;0,985932909;1,067422835
3503260;ARARAQUARA;11/06/2021;0,959674726;0,882607268;0,958884986;1,03943609
3503261;ARARAQUARA;12/06/2021;0,927510528;0,851537634;0,926715867;1,006194115
3503262;ARARAQUARA;13/06/2021;0,936761688;0,859934037;0,935957033;1,016334124
3503263;ARARAQUARA;14/06/2021;0,881379757;0,806388699;0,880563799;0,959154158
3503264;ARARAQUARA;15/06/2021;0,951067283;0,872366396;0,950235332;1,032606063
3503265;ARARAQUARA;16/06/2021;0,880351124;0,804084629;0,87950559;0,959501851
3503266;ARARAQUARA;17/06/2021;0,852127622;0,776466359;0,851267042;0,930724446
3503267;ARARAQUARA;18/06/2021;0,903255065;0,824218815;0,902369676;0,985311503
3503268;ARARAQUARA;19/06/2021;0,938813281;0,857251324;0,937906371;1,023468833
3503269;ARARAQUARA;21/06/2021;1,093540303;1,004748479;1,092619952;1,185471564
3503270;ARARAQUARA;22/06/2021;1,004345773;0,919582233;1,003431216;1,092228988
3503271;ARARAQUARA;23/06/2021;0,859391732;0,78144788;0,858485371;0,940427312
3503272;ARARAQUARA;24/06/2021;0,816698032;0,74009049;0,815775395;0,896452823
3503273;ARARAQUARA;25/06/2021;0,90904887;0,826728758;0,908093162;0,994629041
3503274;ARARAQUARA;26/06/2021;0,883417103;0,801229975;0,882435723;0,968951863
3503275;ARARAQUARA;27/06/2021;0,886663986;0,80349353;0,885662308;0,973251316
3503276;ARARAQUARA;28/06/2021;0,981619423;0,893000964;0,980593888;1,073736127
3503277;ARARAQUARA;29/06/2021;1,182787642;1,084785585;1,181750271;1,284328311
3503278;ARARAQUARA;30/06/2021;1,262290045;1,162008911;1,261273854;1,366037537
3503279;ARARAQUARA;01/07/2021;1,407241097;1,303600559;1,406270036;1,514194047
3503280;ARARAQUARA;02/07/2021;1,230571494;1,136836111;1,2296621;1,327408932
3503281;ARARAQUARA;03/07/2021;1,132413672;1,045004484;1,131553945;1,222755499
3503282;ARARAQUARA;05/07/2021;1,221746902;1,132222216;1,220912477;1,314117915
3503283;ARARAQUARA;06/07/2021;1,151676321;1,066246551;1,150869926;1,239856807
3503284;ARARAQUARA;07/07/2021;1,017010628;0,938155382;1,016231415;1,098523865
3503285;ARARAQUARA;08/07/2021;0,963316593;0,887057925;0,962546665;1,042201584
3503286;ARARAQUARA;09/07/2021;0,798591149;0,729112586;0,797817453;0,870708893
3503287;ARARAQUARA;10/07/2021;0,716263071;0,649626819;0,715467381;0,78561354
3503288;ARARAQUARA;11/07/2021;0,674809025;0,60846867;0,673969896;0,744011776
3503289;ARARAQUARA;12/07/2021;0,628612794;0,562581006;0,627717562;0,697698366
3503290;ARARAQUARA;13/07/2021;0,584291576;0,518354562;0,583327682;0,653516602
3503291;ARARAQUARA;14/07/2021;0,563099289;0,495704674;0,562051035;0,634069693
3503292;ARARAQUARA;15/07/2021;0,530540824;0,462232046;0,52939291;0,602765368
3503293;ARARAQUARA;16/07/2021;0,671807585;0,590961914;0,670542835;0,756967555
3503294;ARARAQUARA;17/07/2021;0,741542155;0,653030593;0,740169382;0,8347365
3503295;ARARAQUARA;18/07/2021;0,781080687;0,687596939;0,779626643;0,879524449
3505906;BATATAIS;14/04/2021;1,663679486;1,346308623;1,65553134;2,008846505
3505906;BATATAIS;15/04/2021;1,237671815;0,983028979;1,230566072;1,516555125
3505906;BATATAIS;16/04/2021;1,281069912;1,029533872;1,274403886;1,555346188
3505906;BATATAIS;17/04/2021;1,362240637;1,10766586;1,355850507;1,638614298
3505906;BATATAIS;18/04/2021;1,031028156;0,817145085;1,02500506;1,265458399
3505906;BATATAIS;19/04/2021;1,232203318;1,000367229;1,226340677;1,484038869
3505906;BATATAIS;20/04/2021;1,341717157;1,101986038;1,3359877;1,600993254
3505906;BATATAIS;21/04/2021;1,236607744;1,012897151;1,231188275;1,478805879
3505906;BATATAIS;22/04/2021;1,269370397;1,04792725;1,264214101;1,508403233
3505906;BATATAIS;23/04/2021;1,243592408;1,029134972;1,238661014;1,474872297
3505906;BATATAIS;24/04/2021;1,018454558;0,829391776;1,013743391;1,223588699
3505906;BATATAIS;25/04/2021;1,000929033;0,815119636;0,996298936;1,202533234
3505906;BATATAIS;26/04/2021;1,05986575;0,868128963;1,055220858;1,267447749
3505906;BATATAIS;27/04/2021;1,013268747;0,826402536;1,008645724;1,215905613
3505906;BATATAIS;28/04/2021;1,105513147;0,910362829;1,100910269;1,316365296
3505906;BATATAIS;29/04/2021;1,134836894;0,938008755;1,130282585;1,34720115
3505906;BATATAIS;30/04/2021;1,015972147;0,832176006;1,01151962;1,214957282
3505906;BATATAIS;01/05/2021;1,018984918;0,835791563;1,014577139;1,217214603
3505906;BATATAIS;02/05/2021;1,01889472;0,835717581;1,014487331;1,217106859
3505906;BATATAIS;03/05/2021;1,017205242;0,834331838;1,012805161;1,215088716
3505906;BATATAIS;04/05/2021;0,963072902;0,785463769;0,958678897;1,155671436
3505906;BATATAIS;05/05/2021;0,822193111;0,658302385;0,817776968;1,001148945
3505906;BATATAIS;06/05/2021;0,817375842;0,651888819;0,812839378;0,998338478
3505906;BATATAIS;07/05/2021;0,865015934;0,691252429;0,860293691;1,054888792
3505906;BATATAIS;08/05/2021;0,894274971;0,714633941;0,889392998;1,09057025
3505906;BATATAIS;09/05/2021;1,037359377;0,840839659;1,032352306;1,250959933
3505906;BATATAIS;10/05/2021;0,892217276;0,710131513;0,887181595;1,091481696
3505906;BATATAIS;11/05/2021;0,855826401;0,676793496;0,850737623;1,052219181
3505906;BATATAIS;12/05/2021;0,960435655;0,767504335;0,955192501;1,171253346
3505906;BATATAIS;13/05/2021;0,91461306;0,724879881;0,909270042;1,122573396
3505906;BATATAIS;14/05/2021;0,862860899;0,677592142;0,85744021;1,066621904
3505906;BATATAIS;15/05/2021;0,952631162;0,755011265;0,947066048;1,169235872
3505906;BATATAIS;16/05/2021;0,852224817;0,664134242;0,846550101;1,059674348
3505906;BATATAIS;17/05/2021;1,151043622;0,928322232;1,145235519;1,393578514
3505906;BATATAIS;18/05/2021;1,304845187;1,067291818;1,29905048;1,562166175
3505906;BATATAIS;19/05/2021;1,178272564;0,958077639;1,172745409;1,417322475
3505906;BATATAIS;20/05/2021;1,337340869;1,106716517;1,332037721;1,586055838
3505906;BATATAIS;21/05/2021;1,441309226;1,207001741;1,436255168;1,692857486
3505906;BATATAIS;22/05/2021;1,564702502;1,328689547;1,560006212;1,816735657
3505906;BATATAIS;23/05/2021;1,45190909;1,234786421;1,447628426;1,683634147
3505906;BATATAIS;24/05/2021;1,235027921;1,043688247;1,231109418;1,43973461
3505906;BATATAIS;25/05/2021;1,01272117;0,844652019;1,009013994;1,193436542
3505906;BATATAIS;26/05/2021;0,95403591;0,792255606;0,9503831;1,128277008
3505906;BATATAIS;27/05/2021;0,984456617;0,81932709;0,980771979;1,162155498
3505906;BATATAIS;28/05/2021;0,802797094;0,653768302;0,799083515;0,964494138
3505906;BATATAIS;29/05/2021;0,721272912;0,578587904;0,717460264;0,876964265
3505906;BATATAIS;30/05/2021;0,821630904;0,664892955;0,81760683;0,992096364
3505906;BATATAIS;31/05/2021;0,747588728;0,595019093;0,743369331;0,914552357
3505906;BATATAIS;01/06/2021;0,769420279;0,611117117;0,76500287;0,942792955
3505906;BATATAIS;02/06/2021;0,894050837;0,718505377;0,889398659;1,085466569
3505906;BATATAIS;03/06/2021;0,621044605;0,473895149;0,616236997;0,784595207
3505906;BATATAIS;04/06/2021;0,793691602;0,621733484;0,788609674;0,982986347
3505906;BATATAIS;05/06/2021;0,731105152;0,561537745;0,725696748;0,919123222
3505906;BATATAIS;06/06/2021;0,785475424;0,605171004;0,779790964;0,985172218
3505906;BATATAIS;07/06/2021;0,809046325;0,621401787;0,803061345;1,0171085
3505906;BATATAIS;08/06/2021;0,844172453;0,648381008;0,837927625;1,061268003
3505906;BATATAIS;09/06/2021;0,895190262;0,689701005;0,888711799;1,12278061
3505906;BATATAIS;10/06/2021;1,020127802;0,797074652;1,013468103;1,265900075
3505906;BATATAIS;11/06/2021;1,028509019;0,803623297;1,021794604;1,276300519
3505906;BATATAIS;12/06/2021;1,025022339;0,800898988;1,018330687;1,271973818
3505906;BATATAIS;13/06/2021;0,982632523;0,763683877;0,975956092;1,224357462
3505906;BATATAIS;14/06/2021;1,005844866;0,783849524;0,999147239;1,250688764
3505906;BATATAIS;15/06/2021;1,333265928;1,0752854;1,326538341;1,614196643
3505906;BATATAIS;16/06/2021;1,30517166;1,054428544;1,298684043;1,578046314
3505906;BATATAIS;17/06/2021;1,321673781;1,076322311;1,315559982;1,587881451
3505906;BATATAIS;18/06/2021;1,215705492;0,986973428;1,209921344;1,464169246
3505906;BATATAIS;19/06/2021;1,128430442;0,913166056;1,122903766;1,362548236
3505906;BATATAIS;20/06/2021;1,162953071;0,947066027;1,157573483;1,397191679
3505906;BATATAIS;21/06/2021;1,370392937;1,138009037;1,365145981;1,620675728
3505906;BATATAIS;22/06/2021;1,479803437;1,243958973;1,474823928;1,732634332
3505906;BATATAIS;23/06/2021;1,255492843;1,047133797;1,250896975;1,479529688
3505906;BATATAIS;24/06/2021;1,090043692;0,902065723;1,085721187;1,292767013
3505906;BATATAIS;25/06/2021;1,076119281;0,891591597;1,07190216;1,275032807
3505906;BATATAIS;26/06/2021;1,038257049;0,858179891;1,034090332;1,232548129
3505906;BATATAIS;27/06/2021;0,992733028;0,817491181;0,988599718;1,182074867
3505906;BATATAIS;28/06/2021;0,769734658;0,616300665;0,765600278;0,937272559
3505906;BATATAIS;29/06/2021;0,576144293;0,442517421;0,571882223;0,724311129
3505906;BATATAIS;30/06/2021;0,649096618;0,501598166;0,644498945;0,812279861
3505906;BATATAIS;01/07/2021;0,916625984;0,732495106;0,911621994;1,117827359
3505906;BATATAIS;02/07/2021;0,908068254;0,721239183;0,902854837;1,112682335
3505906;BATATAIS;03/07/2021;1,05069883;0,847393673;1,045397062;1,272090203
3505906;BATATAIS;04/07/2021;1,102478446;0,893622424;1,097157061;1,329487537
3505906;BATATAIS;05/07/2021;1,054292031;0,851746667;1,049051462;1,274714817
3505906;BATATAIS;06/07/2021;1,072492415;0,869317015;1,067315766;1,293327144
3505906;BATATAIS;07/07/2021;1,062009302;0,860819846;1,056883251;1,280685474
3505906;BATATAIS;08/07/2021;0,837540738;0,660832036;0,832470239;1,031546984
3505906;BATATAIS;09/07/2021;0,867482303;0,686011065;0,862324218;1,066549848
3505906;BATATAIS;10/07/2021;0,913366893;0,723892227;0,908031155;1,121043881
3505906;BATATAIS;11/07/2021;0,951083018;0,755403942;0,945622643;1,16538957
3505906;BATATAIS;12/07/2021;0,965210516;0,766624801;0,959669033;1,182700404
3505906;BATATAIS;13/07/2021;0,756465523;0,581016209;0,750869514;0,951005511
3505906;BATATAIS;14/07/2021;0,956975896;0,755068143;0,951182333;1,178647861
3505906;BATATAIS;15/07/2021;1,093599728;0,873918548;1,087629614;1,33364722
3505906;BATATAIS;16/07/2021;1,049973697;0,835692639;1,044047637;1,284470837
3505906;BATATAIS;17/07/2021;0,949856602;0,747703387;0,943999767;1,171989905
3505906;BATATAIS;18/07/2021;0,760365667;0,58020567;0,754479551;0,960606134
3519600;IBITINGA;19/04/2021;1,82418563;1,547830794;1,818660782;2,11938709
3519601;IBITINGA;20/04/2021;1,503680648;1,271779957;1,498954745;1,751702593
3519602;IBITINGA;21/04/2021;1,521661026;1,299715858;1,5174008;1,758138832
3519603;IBITINGA;22/04/2021;1,604234532;1,38564325;1,600332978;1,836134858
3519604;IBITINGA;23/04/2021;1,597998782;1,390279798;1,594472579;1,817746366
3519605;IBITINGA;24/04/2021;1,351712966;1,170698249;1,348541258;1,543547048
3519606;IBITINGA;25/04/2021;1,205808063;1,041505946;1,202875496;1,380113801
3519607;IBITINGA;26/04/2021;1,464518578;1,28680764;1,461713945;1,651796651
3519608;IBITINGA;27/04/2021;1,459069679;1,287217616;1,456441568;1,639886707
3519609;IBITINGA;28/04/2021;1,289206217;1,134486681;1,286792778;1,452158441
3519610;IBITINGA;29/04/2021;1,230568517;1,084081102;1,22830302;1,384783959
3519611;IBITINGA;30/04/2021;1,072986878;0,939384204;1,070820008;1,213981166
3519612;IBITINGA;01/05/2021;1,060598496;0,929308557;1,058482286;1,199107237
3519613;IBITINGA;02/05/2021;1,119472364;0,985122838;1,117376674;1,260970683
3519614;IBITINGA;03/05/2021;1,230060634;1,090233945;1,228000846;1,376913624
3519615;IBITINGA;04/05/2021;1,175746736;1,04143535;1,173757917;1,316842338
3519616;IBITINGA;05/05/2021;1,242017165;1,106357874;1,240100999;1,384212824
3519617;IBITINGA;06/05/2021;1,205218957;1,074169006;1,203376616;1,342553441
3519618;IBITINGA;07/05/2021;1,199123662;1,071007667;1,197355508;1,333271124
3519619;IBITINGA;08/05/2021;1,191709857;1,066266447;1,190005413;1,322967403
3519620;IBITINGA;10/05/2021;1,174388943;1,05204295;1,172744551;1,302344224
3519621;IBITINGA;11/05/2021;1,131104245;1,013025203;1,12951378;1,254608623
3519622;IBITINGA;12/05/2021;1,184483963;1,065173782;1,182935979;1,309074563
3519623;IBITINGA;13/05/2021;1,190173423;1,07230461;1,188671016;1,313167174
3519624;IBITINGA;14/05/2021;1,166203305;1,051554067;1,164753125;1,285799332
3519625;IBITINGA;15/05/2021;1,091002901;0,981941241;1,089599101;1,204853143
3519626;IBITINGA;16/05/2021;1,046741281;0,941103032;1,045367926;1,15706426
3519627;IBITINGA;17/05/2021;1,076265725;0,96967776;1,074907109;1,187488138
3519628;IBITINGA;18/05/2021;1,088349528;0,981742207;1,087006182;1,199539207
3519629;IBITINGA;19/05/2021;1,023777677;0,921242558;1,022455271;1,130823728
3519630;IBITINGA;20/05/2021;0,912482678;0,816229899;0,911171975;1,013206479
3519631;IBITINGA;21/05/2021;0,88586003;0,790594758;0,884536227;0,985641015
3519632;IBITINGA;22/05/2021;0,905946646;0,808521262;0,904592827;1,007990135
3519633;IBITINGA;23/05/2021;0,921255898;0,821966811;0,919873;1,025262277
3519634;IBITINGA;24/05/2021;0,86974925;0,772531298;0,868342294;0,97176657
3519635;IBITINGA;25/05/2021;0,755497166;0,664076814;0,754058612;0,851824695
3519636;IBITINGA;26/05/2021;0,863715976;0,7638072;0,862216932;0,968738256
3519637;IBITINGA;27/05/2021;0,944180141;0,837629881;0,942622546;1,05604363
3519638;IBITINGA;28/05/2021;0,998278592;0,887734497;0,996694471;1,114226397
3519639;IBITINGA;29/05/2021;1,021709168;0,909605925;1,020118162;1,139239602
3519640;IBITINGA;30/05/2021;1,009728484;0,898431688;1,008141305;1,126439417
3519641;IBITINGA;31/05/2021;1,14981664;1,031001047;1,148233259;1,274033399
3519642;IBITINGA;01/06/2021;1,14854304;1,030805122;1,146987124;1,271588434
3519643;IBITINGA;02/06/2021;1,042856158;0,932385382;1,041345162;1,158481188
3519644;IBITINGA;03/06/2021;0,897525313;0,795994978;0,896037319;1,004131454
3519645;IBITINGA;04/06/2021;0,884608439;0,783304601;0,883104459;0,991042621
3519646;IBITINGA;05/06/2021;0,827664103;0,728605013;0,826123341;0,931979022
3519647;IBITINGA;06/06/2021;0,858297216;0,755849599;0,856708301;0,966164916
3519648;IBITINGA;07/06/2021;0,881569283;0,776058544;0,879928172;0,992678158
3519649;IBITINGA;08/06/2021;0,838985495;0,734825421;0,837301388;0,948890384
3519650;IBITINGA;09/06/2021;0,754584484;0,654552228;0,752850518;0,860531661
3519651;IBITINGA;10/06/2021;0,744915876;0,643414436;0,743104215;0,852597285
3519652;IBITINGA;11/06/2021;0,676425898;0,577361729;0,674516053;0,782005002
3519653;IBITINGA;12/06/2021;0,676642101;0,574580335;0,674611231;0,785631665
3519654;IBITINGA;13/06/2021;0,711482031;0,603220818;0,709307432;0,827161343
3519655;IBITINGA;14/06/2021;0,632742725;0,527734026;0,630426502;0,745652715
3519656;IBITINGA;15/06/2021;0,62614769;0,518168559;0,623664738;0,742596912
3519657;IBITINGA;16/06/2021;0,524392179;0,422185042;0,521705454;0,6357647
3519658;IBITINGA;17/06/2021;0,663412862;0,542635345;0,660466701;0,794240683
3519659;IBITINGA;18/06/2021;0,616515787;0,495463892;0,613307757;0,748511435
3519660;IBITINGA;19/06/2021;0,664583439;0,534093538;0,66112529;0,806870342
3519661;IBITINGA;21/06/2021;0,739241168;0,596201567;0,735510997;0,895005705
3519662;IBITINGA;22/06/2021;0,606992238;0,474272072;0,603029611;0,753230642
3519663;IBITINGA;23/06/2021;0,459720725;0,341357534;0,45547113;0,592581741
3519664;IBITINGA;24/06/2021;0,538688115;0,403447747;0,53397022;0,690023825
3519665;IBITINGA;25/06/2021;0,458680256;0,328130006;0,453418979;0,607180387
3519666;IBITINGA;26/06/2021;0,547092261;0,396103829;0,541220926;0,718111671
3519667;IBITINGA;27/06/2021;0,825962344;0,628087936;0,819416417;1,046168234
3519668;IBITINGA;28/06/2021;0,941361712;0,723028871;0,93439792;1,183451391
3519669;IBITINGA;29/06/2021;0,917896897;0,700411667;0,910791306;1,159622835
3519670;IBITINGA;30/06/2021;1,041014017;0,806791666;1,033793746;1,299868001
3519671;IBITINGA;01/07/2021;1,045909106;0,810585387;1,038654884;1,305980281
3519672;IBITINGA;02/07/2021;1,103576285;0,862276943;1,096371809;1,369453218
3519673;IBITINGA;03/07/2021;1,004344346;0,776120639;0,997230387;1,256837061
3519674;IBITINGA;05/07/2021;0,828524268;0,623028416;0,821453725;1,058141561
3519675;IBITINGA;06/07/2021;0,762007521;0,563224557;0,754762723;0,985506781
3519676;IBITINGA;07/07/2021;0,708120861;0,512691194;0,700521385;0,929477331
3519677;IBITINGA;08/07/2021;0,654624222;0,462070363;0,64656042;0,874689685
3519678;IBITINGA;09/07/2021;0,650942462;0,452590552;0,642284104;0,8788349
3519679;IBITINGA;10/07/2021;0,47806558;0,304616086;0,468725126;0,683385852
3519680;IBITINGA;11/07/2021;0,496937323;0,311702592;0,486623685;0,717364114
3519681;IBITINGA;12/07/2021;0,453715349;0,268375361;0,442136152;0,678568626
3519682;IBITINGA;13/07/2021;0,471686253;0,272171321;0,458650541;0,715686181
3519683;IBITINGA;14/07/2021;0,533123161;0,307621505;0,518389554;0,808903962
3519684;IBITINGA;15/07/2021;0,49713262;0,269714615;0,480663342;0,780757538
3519685;IBITINGA;16/07/2021;0,611080611;0,342705522;0,592666109;0,942298482
3519686;IBITINGA;17/07/2021;0,615136693;0,333736612;0,594758114;0,96608549
3519687;IBITINGA;18/07/2021;1,34499398;0,891371331;1,322645051;1,874870475
3524303;JABOTICABAL;14/04/2021;1,620819847;1,342889569;1,614468141;1,920417669
3524303;JABOTICABAL;15/04/2021;1,173317784;0,952560866;1,167735311;1,413118413
3524303;JABOTICABAL;16/04/2021;1,173853822;0,958773957;1,168570447;1,406957
3524303;JABOTICABAL;17/04/2021;1,159193293;0,948156554;1,154045414;1,387791111
3524303;JABOTICABAL;18/04/2021;1,231525743;1,01668464;1,226523175;1,463432121
3524303;JABOTICABAL;19/04/2021;1,246352297;1,033828236;1,241524817;1,475344306
3524303;JABOTICABAL;20/04/2021;1,429080678;1,205618165;1,424458492;1,668310664
3524303;JABOTICABAL;21/04/2021;1,378825939;1,166180595;1,37449244;1,606253945
3524303;JABOTICABAL;22/04/2021;1,390937899;1,184685299;1,386908279;1,610936503
3524303;JABOTICABAL;23/04/2021;1,366625876;1,168890891;1,362862916;1,577197197
3524303;JABOTICABAL;24/04/2021;1,26681897;1,08278913;1,263301772;1,462846799
3524303;JABOTICABAL;25/04/2021;1,12964602;0,9607155;1,126315485;1,30993781
3524303;JABOTICABAL;26/04/2021;1,007257756;0,850485483;1,004031212;1,175036602
3524303;JABOTICABAL;27/04/2021;0,807496991;0,668244183;0,804294908;0,957673055
3524303;JABOTICABAL;28/04/2021;0,857920066;0,712438572;0,854635264;1,014606971
3524303;JABOTICABAL;29/04/2021;0,859199677;0,711030744;0,85579257;1,018991265
3524303;JABOTICABAL;30/04/2021;0,758451539;0,61765492;0,754943094;0,911216631
3524303;JABOTICABAL;01/05/2021;0,670320527;0,535667234;0,666661153;0,817457324
3524303;JABOTICABAL;02/05/2021;0,772478238;0,623007424;0,768580355;0,935246115
3524303;JABOTICABAL;03/05/2021;0,806327545;0,649169538;0,802196323;0,977578634
3524303;JABOTICABAL;04/05/2021;0,970943888;0,794178862;0,966632008;1,162418127
3524303;JABOTICABAL;05/05/2021;0,872179169;0,703416705;0,8677782;1,055954897
3524303;JABOTICABAL;06/05/2021;0,860624926;0,69164259;0,856146678;1,04488419
3524303;JABOTICABAL;07/05/2021;0,914520959;0,737565564;0,909906337;1,107218471
3524303;JABOTICABAL;08/05/2021;1,304987764;1,089547593;1,300262605;1,536546772
3524303;JABOTICABAL;09/05/2021;1,269594338;1,059997261;1,264997333;1,494873082
3524303;JABOTICABAL;10/05/2021;1,318869216;1,110685645;1,314519076;1,541892257
3524303;JABOTICABAL;11/05/2021;1,151187456;0,962121871;1,147063976;1,354319377
3524303;JABOTICABAL;12/05/2021;1,095061058;0,914277645;1,091096011;1,289370352
3524303;JABOTICABAL;13/05/2021;1,028041664;0,854664407;1,0241502;1,214693826
3524303;JABOTICABAL;14/05/2021;0,938663002;0,773947729;0,93480303;1,116545819
3524303;JABOTICABAL;15/05/2021;0,747454703;0,600693161;0,743565335;0,907484293
3524303;JABOTICABAL;16/05/2021;0,72802986;0,580631946;0,723989268;0,889211773
3524303;JABOTICABAL;17/05/2021;0,565816572;0,433191962;0,561535904;0,713044635
3524303;JABOTICABAL;18/05/2021;0,570318215;0,432136306;0,565688243;0,724295358
3524303;JABOTICABAL;19/05/2021;0,673160534;0,515375028;0,668067758;0,848319986
3524303;JABOTICABAL;20/05/2021;0,629621076;0,47155153;0,624106779;0,80650293
3524303;JABOTICABAL;21/05/2021;0,696060236;0,523418955;0,690120128;0,888966435
3524303;JABOTICABAL;22/05/2021;0,517766798;0,365468744;0,511388835;0,691824809
3524303;JABOTICABAL;23/05/2021;0,58587623;0,416403973;0,578916467;0,779093232
3524303;JABOTICABAL;24/05/2021;0,692971218;0,498800203;0,685286933;0,913358524
3524303;JABOTICABAL;25/05/2021;1,046692635;0,795938243;1,038397373;1,325746377
3524303;JABOTICABAL;26/05/2021;1,018959217;0,769205669;1,010480585;1,297637862
3524303;JABOTICABAL;27/05/2021;0,936354402;0,698333507;0,927932421;1,203107431
3524303;JABOTICABAL;28/05/2021;0,945865002;0,705426516;0,937357479;1,215327455
3524303;JABOTICABAL;29/05/2021;0,909125189;0,671964014;0,900481667;1,175774535
3524303;JABOTICABAL;30/05/2021;0,979344327;0,73039541;0,970535675;1,258344527
3524303;JABOTICABAL;31/05/2021;0,912676111;0,67135694;0,903744069;1,184467895
3524303;JABOTICABAL;01/06/2021;0,654163521;0,45107406;0,645100693;0,888173743
3524303;JABOTICABAL;02/06/2021;0,71924979;0,500083614;0,709682858;0,971056358
3524303;JABOTICABAL;03/06/2021;0,803069081;0,562721211;0,79279712;1,078462477
3524303;JABOTICABAL;04/06/2021;0,780336651;0,538075894;0,769525811;1,059482074
3524303;JABOTICABAL;05/06/2021;0,851774061;0,592225756;0,840444388;1,149976864
3524303;JABOTICABAL;06/06/2021;0,710162721;0,470647972;0,698362388;0,989939834
3524303;JABOTICABAL;07/06/2021;0,747887917;0,495649689;0,735460728;1,042527323
3524303;JABOTICABAL;08/06/2021;0,995003244;0,691810864;0,981768441;1,343350029
3524303;JABOTICABAL;09/06/2021;0,940290911;0,642647859;0,926699177;1,284306979
3524303;JABOTICABAL;10/06/2021;1,074391177;0,752840221;1,060648767;1,442828018
3524303;JABOTICABAL;11/06/2021;1,201678857;0,859655249;1,187895037;1,590728668
3524303;JABOTICABAL;12/06/2021;1,576820217;1,185727251;1,563363791;2,01382032
3524303;JABOTICABAL;13/06/2021;1,612131108;1,230154977;1,599651337;2,036681954
3524303;JABOTICABAL;14/06/2021;1,652750614;1,284487301;1,641521111;2,059322789
3524303;JABOTICABAL;15/06/2021;1,361465748;1,045696919;1,351394205;1,711593443
3524303;JABOTICABAL;16/06/2021;1,172276163;0,891435937;1,162985625;1,484811132
3524303;JABOTICABAL;17/06/2021;1,396675036;1,094076885;1,387732266;1,729780796
3524303;JABOTICABAL;18/06/2021;1,402111804;1,106286961;1,393623374;1,726894152
3524303;JABOTICABAL;19/06/2021;1,375863022;1,092788254;1,367963893;1,685884814
3524303;JABOTICABAL;20/06/2021;1,308759723;1,041665015;1,301373073;1,601053151
3524303;JABOTICABAL;21/06/2021;1,1092365;0,871067327;1,102268024;1,371178077
3524303;JABOTICABAL;22/06/2021;1,136352746;0,898635688;1,129595946;1,397119969
3524303;JABOTICABAL;23/06/2021;1,135138308;0,899657962;1,128507018;1,393240619
3524303;JABOTICABAL;24/06/2021;0,914652499;0,706810055;0,908173845;1,144596635
3524303;JABOTICABAL;25/06/2021;0,78091653;0,589508797;0,774418622;0,994492066
3524303;JABOTICABAL;26/06/2021;0,750924534;0,560039833;0,74417039;0,964851433
3524303;JABOTICABAL;27/06/2021;0,749023281;0,553627483;0,74190193;0,968714221
3524303;JABOTICABAL;28/06/2021;0,904406928;0,682730893;0,896881471;1,151756276
3524303;JABOTICABAL;29/06/2021;0,890434125;0,666886148;0,882635597;1,140587186
3524303;JABOTICABAL;30/06/2021;1,078415573;0,828295419;1,070437915;1,355751348
3524303;JABOTICABAL;01/07/2021;1,009698138;0,767806455;1,001696066;1,278888954
3524303;JABOTICABAL;02/07/2021;1,099553611;0,847153127;1,091596177;1,379100651
3524303;JABOTICABAL;03/07/2021;0,877351536;0,654329144;0,869460252;1,127295551
3524303;JABOTICABAL;04/07/2021;0,837849071;0,619281515;0,829883208;1,083592902
3524303;JABOTICABAL;05/07/2021;0,719299611;0,514571495;0,711048907;0,952176619
3524303;JABOTICABAL;06/07/2021;0,652880673;0,453938161;0,644196534;0,881451671
3524303;JABOTICABAL;07/07/2021;0,561077342;0,371844234;0,551754268;0,782120483
3524303;JABOTICABAL;08/07/2021;0,674796469;0,45682919;0,664600279;0,927552017
3524303;JABOTICABAL;09/07/2021;0,800799355;0,552185814;0,789705023;1,087264785
3524303;JABOTICABAL;10/07/2021;1,128473841;0,821580183;1,116740923;1,475395983
3524303;JABOTICABAL;11/07/2021;1,523233289;1,162320486;1,51144169;1,924373109
3524303;JABOTICABAL;12/07/2021;1,456338278;1,114979776;1,445320395;1,835284165
3524303;JABOTICABAL;13/07/2021;1,365763111;1,048997582;1,355659778;1,716995957
3524303;JABOTICABAL;14/07/2021;1,559481426;1,230453922;1,550040275;1,920716555
3524303;JABOTICABAL;15/07/2021;1,59042105;1,270938917;1,581738718;1,939521889
3524303;JABOTICABAL;16/07/2021;1,389122242;1,105626965;1,381282025;1,69936353
3524303;JABOTICABAL;17/07/2021;1,173080554;0,923419706;1,165847317;1,447416974
3543402;RIBEIRÃO PRETO;14/04/2021;1,879693492;1,78304954;1,87906759;1,978472459
3543402;RIBEIRÃO PRETO;15/04/2021;1,552649415;1,471816026;1,552119171;1,635291523
3543402;RIBEIRÃO PRETO;16/04/2021;1,36424852;1,292677785;1,363775345;1,437433307
3543402;RIBEIRÃO PRETO;17/04/2021;1,262508192;1,196206689;1,262069391;1,33030649
3543402;RIBEIRÃO PRETO;18/04/2021;1,187952344;1,125339904;1,18753642;1,251983543
3543402;RIBEIRÃO PRETO;19/04/2021;1,10995649;1,050617211;1,109556532;1,170660071
3543402;RIBEIRÃO PRETO;20/04/2021;1,047077149;0,990180136;1,046687202;1,105304312
3543402;RIBEIRÃO PRETO;21/04/2021;0,890826453;0,838720704;0,890441344;0,944245853
3543402;RIBEIRÃO PRETO;22/04/2021;0,779930511;0,730967306;0,779541359;0,83022116
3543402;RIBEIRÃO PRETO;23/04/2021;0,724718979;0,676670804;0,724315051;0,774145
3543402;RIBEIRÃO PRETO;24/04/2021;0,645325968;0,598828885;0,64490006;0,693275874
3543402;RIBEIRÃO PRETO;25/04/2021;0,627342899;0,579967974;0,626887371;0,676271686
3543402;RIBEIRÃO PRETO;26/04/2021;0,59640684;0,548453737;0,595914828;0,646038263
3543402;RIBEIRÃO PRETO;27/04/2021;0,612080658;0,561496042;0,611546639;0,664486884
3543402;RIBEIRÃO PRETO;28/04/2021;0,649354857;0,595058327;0,64877465;0,70563055
3543402;RIBEIRÃO PRETO;29/04/2021;0,68188184;0,624100442;0,681255788;0,741798785
3543402;RIBEIRÃO PRETO;30/04/2021;0,703781868;0,643068655;0,703111713;0,766781071
3543402;RIBEIRÃO PRETO;01/05/2021;0,744761867;0,68033268;0,744048615;0,811624055
3543402;RIBEIRÃO PRETO;02/05/2021;0,696652079;0,632669852;0,695898271;0,763205651
3543402;RIBEIRÃO PRETO;03/05/2021;0,716297238;0,649548824;0,715498848;0,785769074
3543402;RIBEIRÃO PRETO;04/05/2021;0,72781983;0,658506462;0,726971731;0,800026189
3543402;RIBEIRÃO PRETO;05/05/2021;0,794322167;0,719813517;0,793424809;0,87189184
3543402;RIBEIRÃO PRETO;06/05/2021;0,844087238;0,765430667;0,843146413;0,925953099
3543402;RIBEIRÃO PRETO;07/05/2021;0,909009884;0,825919453;0,908035783;0,995423115
3543402;RIBEIRÃO PRETO;08/05/2021;0,956986632;0,870724301;0,955989956;1,046648768
3543402;RIBEIRÃO PRETO;09/05/2021;1,034812279;0,944524472;1,033803865;1,128539925
3543402;RIBEIRÃO PRETO;10/05/2021;1,06693923;0,97528182;1,065931902;1,162032772
3543402;RIBEIRÃO PRETO;11/05/2021;1,073094855;0,981667338;1,072098646;1,167920578
3543402;RIBEIRÃO PRETO;12/05/2021;1,415343997;1,310786838;1,414361241;1,523253459
3543402;RIBEIRÃO PRETO;13/05/2021;1,375978071;1,275555943;1,375045949;1,479579783
3543402;RIBEIRÃO PRETO;14/05/2021;1,325839256;1,230863263;1,32497449;1,423765069
3543402;RIBEIRÃO PRETO;15/05/2021;1,257587097;1,167930885;1,256774796;1,350014168
3543402;RIBEIRÃO PRETO;16/05/2021;1,170755723;1,086482385;1,169984565;1,257659578
3543402;RIBEIRÃO PRETO;17/05/2021;1,10338986;1,023102282;1,102646925;1,186211679
3543402;RIBEIRÃO PRETO;18/05/2021;1,049653547;0,9722698;1,048927734;1,129513129
3543402;RIBEIRÃO PRETO;19/05/2021;0,815172847;0,747542812;0,814456008;0,885248113
3543402;RIBEIRÃO PRETO;20/05/2021;0,866138423;0,795723536;0,865407614;0,939046195
3543402;RIBEIRÃO PRETO;21/05/2021;0,911942738;0,838440629;0,911186678;0,988023866
3543402;RIBEIRÃO PRETO;22/05/2021;0,935940289;0,860687562;0,935168174;1,013826799
3543402;RIBEIRÃO PRETO;23/05/2021;0,956671135;0,880030471;0,955887735;1,03598408
3543402;RIBEIRÃO PRETO;24/05/2021;1,040139521;0,959762816;1,039348046;1,12321605
3543402;RIBEIRÃO PRETO;25/05/2021;1,088605425;1,006397432;1,087814964;1,173509779
3543402;RIBEIRÃO PRETO;26/05/2021;1,07575707;0,9946062;1,074977636;1,159566685
3543402;RIBEIRÃO PRETO;27/05/2021;1,040565275;0,961389322;1,039797997;1,122358509
3543402;RIBEIRÃO PRETO;28/05/2021;1,03247728;0,954002019;1,031717646;1,113543747
3543402;RIBEIRÃO PRETO;29/05/2021;0,96494328;0,889352775;0,964188344;1,043108972
3543402;RIBEIRÃO PRETO;30/05/2021;0,855754531;0,784573132;0,854998014;0,929516507
3543402;RIBEIRÃO PRETO;31/05/2021;0,804447125;0,734756338;0,803674493;0,876773465
3543402;RIBEIRÃO PRETO;01/06/2021;0,87778841;0,803606425;0,876986907;0,95470443
3543402;RIBEIRÃO PRETO;02/06/2021;0,853693368;0,779420834;0,852866289;0,930787185
3543402;RIBEIRÃO PRETO;03/06/2021;0,800398234;0,727578835;0,799548715;0,876115464
3543402;RIBEIRÃO PRETO;04/06/2021;0,748116699;0,67650196;0,747235709;0,822736623
3543402;RIBEIRÃO PRETO;05/06/2021;0,798478844;0,722695093;0,797554869;0,877414411
3543402;RIBEIRÃO PRETO;06/06/2021;0,87958652;0,79815332;0,878619068;0,964319841
3543402;RIBEIRÃO PRETO;07/06/2021;0,817032654;0,73743282;0,816035273;0,900034707
3543402;RIBEIRÃO PRETO;08/06/2021;0,756281022;0,678599816;0,755252318;0,837471304
3543402;RIBEIRÃO PRETO;09/06/2021;0,794562694;0,713111539;0,793486311;0,879685564
3543402;RIBEIRÃO PRETO;10/06/2021;0,889293877;0,801059188;0,888167017;0,981372463
3543402;RIBEIRÃO PRETO;11/06/2021;0,877888363;0,788948195;0,876727408;0,970788729
3543402;RIBEIRÃO PRETO;12/06/2021;0,87306224;0,783385881;0,871874688;0,966789528
3543402;RIBEIRÃO PRETO;13/06/2021;1,016151542;0,918027045;1,014933395;1,118431322
3543402;RIBEIRÃO PRETO;14/06/2021;1,179679099;1,073343372;1,178450495;1,290205771
3543402;RIBEIRÃO PRETO;15/06/2021;1,22800923;1,120711026;1,226809039;1,339401452
3543402;RIBEIRÃO PRETO;16/06/2021;1,109719416;1,009842568;1,108567272;1,213526389
3543402;RIBEIRÃO PRETO;17/06/2021;0,996983572;0,903773663;0,995864846;1,094009617
3543402;RIBEIRÃO PRETO;18/06/2021;1,007535204;0,914105305;1,006423353;1,104757789
3543402;RIBEIRÃO PRETO;19/06/2021;0,951797956;0,860998772;0,950684973;1,046393687
3543402;RIBEIRÃO PRETO;20/06/2021;0,849645993;0,76373344;0,848526827;0,939376196
3543402;RIBEIRÃO PRETO;21/06/2021;0,773172751;0,690387083;0,772027612;0,859864678
3543402;RIBEIRÃO PRETO;22/06/2021;0,633778346;0,557509133;0,63258519;0,714117636
3543402;RIBEIRÃO PRETO;23/06/2021;0,603657108;0,526894974;0,602384049;0,684761902
3543402;RIBEIRÃO PRETO;24/06/2021;0,676133394;0,591444999;0,674751211;0,765536681
3543402;RIBEIRÃO PRETO;25/06/2021;0,697235401;0,608024151;0,695746149;0,791526787
3543402;RIBEIRÃO PRETO;26/06/2021;0,781342655;0,683766477;0,779755135;0,884334173
3543402;RIBEIRÃO PRETO;27/06/2021;0,888257686;0,781364299;0,886585446;1,000855399
3543402;RIBEIRÃO PRETO;28/06/2021;0,931413163;0,820238319;0,929688893;1,048469812
3543402;RIBEIRÃO PRETO;29/06/2021;0,957216879;0,843574173;0,955464306;1,076837931
3543402;RIBEIRÃO PRETO;30/06/2021;0,977957806;0,86246804;0,976186715;1,099489088
3543402;RIBEIRÃO PRETO;01/07/2021;0,898497351;0,787595627;0,896715248;1,01547817
3543402;RIBEIRÃO PRETO;02/07/2021;0,862535045;0,753188709;0,860727471;0,978047376
3543402;RIBEIRÃO PRETO;03/07/2021;1,018966047;0,898314218;1,017110609;1,145947115
3543402;RIBEIRÃO PRETO;04/07/2021;0,888393111;0,775423429;0,886519568;1,007753818
3543402;RIBEIRÃO PRETO;05/07/2021;0,892336729;0,778515564;0,890442887;1,012618163
3543402;RIBEIRÃO PRETO;06/07/2021;0,931480954;0,813752774;0,929541089;1,055826396
3543402;RIBEIRÃO PRETO;07/07/2021;0,953745879;0,833567544;0,951771978;1,080657577
3543402;RIBEIRÃO PRETO;08/07/2021;0,904670813;0,787075416;0,902674533;1,02907593
3543402;RIBEIRÃO PRETO;09/07/2021;0,839774098;0,725749392;0,837746532;0,960715271
3543402;RIBEIRÃO PRETO;10/07/2021;0,638440428;0,538139054;0,636355237;0,745854928
3543402;RIBEIRÃO PRETO;11/07/2021;0,683648198;0,576747484;0,681437021;0,798091806
3543402;RIBEIRÃO PRETO;12/07/2021;0,620964355;0,515664543;0,618586809;0,734374668
3543402;RIBEIRÃO PRETO;13/07/2021;0,5532103;0,450514035;0,55065126;0,664636301
3543402;RIBEIRÃO PRETO;14/07/2021;0,504231864;0,402144396;0,501433359;0,615866099
3543402;RIBEIRÃO PRETO;15/07/2021;0,577408059;0,462311223;0,574306699;0,703084788
3543402;RIBEIRÃO PRETO;16/07/2021;0,60605135;0,48236699;0,602630791;0,741404558
3543402;RIBEIRÃO PRETO;17/07/2021;0,604265215;0,475662481;0,600539304;0,745578576
3543402;RIBEIRÃO PRETO;18/07/2021;0,523141194;0,399188838;0,519091472;0,660909168
3553708;TAQUARITINGA;19/04/2021;2,454468925;1,972537854;2,441697137;2,979969204
3553708;TAQUARITINGA;20/04/2021;1,991564844;1,60620665;1,981515516;2,411204859
3553708;TAQUARITINGA;21/04/2021;1,558244865;1,247634281;1,549875259;1,89740729
3553708;TAQUARITINGA;22/04/2021;1,476370347;1,190699804;1,468920663;1,787454406
3553708;TAQUARITINGA;23/04/2021;1,254298932;1,002336662;1,247451538;1,529620244
3553708;TAQUARITINGA;24/04/2021;1,222281232;0,980484813;1,215820254;1,486118423
3553708;TAQUARITINGA;25/04/2021;1,194767242;0,960176594;1,188550291;1,45056617
3553708;TAQUARITINGA;26/04/2021;1,099172184;0,878371614;1,093171649;1,340442842
3553708;TAQUARITINGA;27/04/2021;0,916118774;0,717636064;0,910252958;1,134612291
3553708;TAQUARITINGA;28/04/2021;0,939775068;0,737991723;0,933871187;1,161699034
3553708;TAQUARITINGA;29/04/2021;0,7949476;0,608615808;0,788933448;1,001796604
3553708;TAQUARITINGA;30/04/2021;0,74626624;0,563351519;0,740056653;0,95036515
3553708;TAQUARITINGA;01/05/2021;0,629075059;0,4579952;0,622534468;0,822469057
3553708;TAQUARITINGA;02/05/2021;0,611631694;0,437548179;0,604615991;0,809650651
3553708;TAQUARITINGA;03/05/2021;0,688476494;0,495564904;0,680842051;0,907434332
3553708;TAQUARITINGA;04/05/2021;0,742379752;0,534364431;0,73414758;0,978480572
3553708;TAQUARITINGA;05/05/2021;0,630899823;0,435032733;0,622159292;0,856588054
3553708;TAQUARITINGA;06/05/2021;0,761227919;0,53731721;0,751850949;1,017130418
3553708;TAQUARITINGA;07/05/2021;0,843263767;0,599338845;0,833246437;1,121364992
3553708;TAQUARITINGA;08/05/2021;0,816138646;0,57187923;0,805699514;1,096013939
3553708;TAQUARITINGA;10/05/2021;0,81558344;0,567062959;0,804735148;1,101116046
3553708;TAQUARITINGA;11/05/2021;0,816835172;0,563243203;0,805518678;1,109037004
3553708;TAQUARITINGA;12/05/2021;1,136057994;0,82710179;1,124246222;1,485311701
3553708;TAQUARITINGA;13/05/2021;1,211640425;0,891272598;1,199782524;1,572462745
3553708;TAQUARITINGA;14/05/2021;1,275445432;0,951227739;1,263973518;1,638800302
3553708;TAQUARITINGA;15/05/2021;1,188939046;0,882825766;1,177948657;1,532546895
3553708;TAQUARITINGA;16/05/2021;1,145003137;0,85020193;1,134418885;1,475913343
3553708;TAQUARITINGA;17/05/2021;1,178677927;0,88276489;1,168354926;1,509808421
3553708;TAQUARITINGA;18/05/2021;1,117739873;0,833610867;1,107686431;1,436166844
3553708;TAQUARITINGA;19/05/2021;0,885977418;0,637725932;0,876152907;1,167746949
3553708;TAQUARITINGA;20/05/2021;0,865041074;0,618831808;0,855118648;1,145102643
3553708;TAQUARITINGA;21/05/2021;0,708784194;0,484423107;0,698538848;0,968100911
3553708;TAQUARITINGA;22/05/2021;0,746202042;0,509996575;0,735415827;1,019208501
3553708;TAQUARITINGA;23/05/2021;0,828752214;0,57146052;0,817270621;1,125217063
3553708;TAQUARITINGA;24/05/2021;0,759864101;0,509182211;0,747837396;1,05158023
3553708;TAQUARITINGA;25/05/2021;0,721126718;0,472222324;0,708515592;1,013060459
3553708;TAQUARITINGA;26/05/2021;0,725853497;0,46915559;0,71245692;1,028261407
3553708;TAQUARITINGA;27/05/2021;0,730463213;0,465440003;0,71619141;1,044183572
3553708;TAQUARITINGA;28/05/2021;4,436424256;3,722396631;4,421188161;5,202426306
3553708;TAQUARITINGA;29/05/2021;4,3501637;3,744435052;4,339099603;4,993634442
3553708;TAQUARITINGA;30/05/2021;2,821649271;2,437174359;2,814786921;3,229533139
3553708;TAQUARITINGA;31/05/2021;2,872038039;2,53982026;2,867053403;3,221259301
3553708;TAQUARITINGA;01/06/2021;2,269146913;2,011831179;2,265366124;2,539359581
3553708;TAQUARITINGA;02/06/2021;1,987361985;1,772700476;1,98436526;2,21224582
3553708;TAQUARITINGA;03/06/2021;1,80508246;1,617416224;1,802565536;2,001334327
3553708;TAQUARITINGA;04/06/2021;1,181385973;1,04075327;1,179211022;1,329437835
3553708;TAQUARITINGA;05/06/2021;1,015692133;0,889961086;1,013665524;1,148336332
3553708;TAQUARITINGA;06/06/2021;1,049715236;0,922338306;1,047704973;1,18394955
3553708;TAQUARITINGA;07/06/2021;0,768990917;0,660708661;0,766989266;0,884101254
3553708;TAQUARITINGA;08/06/2021;0,732877237;0,625981838;0,730825385;0,846771986
3553708;TAQUARITINGA;09/06/2021;0,72281677;0,613790216;0,720647312;0,83924388
3553708;TAQUARITINGA;10/06/2021;0,758714098;0,643772775;0,756416207;0,881494097
3553708;TAQUARITINGA;11/06/2021;0,742320566;0,625699235;0,739896096;0,867212395
3553708;TAQUARITINGA;12/06/2021;0,682190298;0,567761933;0,679636987;0,805328739
3553708;TAQUARITINGA;13/06/2021;0,643892715;0,529543895;0,641177915;0,76750256
3553708;TAQUARITINGA;14/06/2021;0,683362659;0,561262934;0,680444535;0,81541702
3553708;TAQUARITINGA;15/06/2021;0,817986524;0,679276746;0,814854619;0,967380135
3553708;TAQUARITINGA;16/06/2021;0,760518118;0,623791987;0,757228378;0,908466596
3553708;TAQUARITINGA;17/06/2021;0,639517105;0,512039848;0,636082146;0,778712283
3553708;TAQUARITINGA;18/06/2021;0,782197486;0,636020852;0,778528278;0,940891021
3553708;TAQUARITINGA;19/06/2021;0,888808416;0,728017042;0,884913188;1,062887659
3553708;TAQUARITINGA;21/06/2021;1,013211378;0,838483137;1,009193547;1,201645637
3553708;TAQUARITINGA;22/06/2021;1,251887747;1,056132542;1,24783867;1,461455404
3553708;TAQUARITINGA;23/06/2021;1,486006338;1,275162135;1,482076959;1,710254547
3553708;TAQUARITINGA;24/06/2021;1,521963342;1,316031724;1,51831511;1,740339861
3553708;TAQUARITINGA;25/06/2021;1,506906882;1,311028656;1,503581686;1,714128033
3553708;TAQUARITINGA;26/06/2021;1,30253716;1,128699554;1,299502205;1,486727639
3553708;TAQUARITINGA;27/06/2021;1,200118443;1,038853653;1,197282479;1,371057309
3553708;TAQUARITINGA;28/06/2021;1,061626347;0,913253941;1,058905472;1,219280262
3553708;TAQUARITINGA;29/06/2021;1,033039065;0,888122069;1,030370943;1,187057623
3553708;TAQUARITINGA;30/06/2021;0,883871833;0,750552431;0,881218985;1,026240754
3553708;TAQUARITINGA;01/07/2021;0,903485308;0,767795314;0,900797791;1,048343082
3553708;TAQUARITINGA;02/07/2021;0,89222296;0,755855578;0,889470702;1,037978987
3553708;TAQUARITINGA;03/07/2021;0,861112487;0,725828502;0,858300035;1,00599048
3553708;TAQUARITINGA;05/07/2021;0,962498781;0,81731963;0,959609942;1,117532472
3553708;TAQUARITINGA;06/07/2021;0,97921516;0,831514582;0,976276149;1,136941428
3553708;TAQUARITINGA;07/07/2021;1,011288319;0,860698429;1,008332877;1,171959934
3553708;TAQUARITINGA;08/07/2021;0,950581556;0,804642272;0,947621888;1,106617013
3553708;TAQUARITINGA;09/07/2021;0,893687093;0,751941861;0,890709908;1,04558829
3553708;TAQUARITINGA;10/07/2021;0,910444987;0,766041831;0,907411975;1,065194545
3553708;TAQUARITINGA;11/07/2021;0,901970377;0,756801266;0,898872723;1,05770642
3553708;TAQUARITINGA;12/07/2021;0,768408711;0,633569423;0,765248859;0,914027219
3553708;TAQUARITINGA;13/07/2021;0,915739556;0,765342821;0,912459435;1,077325694
3553708;TAQUARITINGA;14/07/2021;0,691277708;0,559406512;0,68789206;0,834698521
3553708;TAQUARITINGA;15/07/2021;0,732830463;0,594001395;0,729293276;0,883726092
3553708;TAQUARITINGA;16/07/2021;0,81398707;0,662881006;0,810221729;0,977937967
3553708;TAQUARITINGA;17/07/2021;0,863880975;0,704564737;0,859939531;1,036642775
3553708;TAQUARITINGA;18/07/2021;0,94102699;0,77184893;0,93695643;1,124091019
