t_start;t_end;Mean(R);Std(R);Quantile.0.025(R);Quantile.0.05(R);Quantile.0.25(R);Median(R);Quantile.0.75(R);Quantile.0.95(R);Quantile.0.975(R)
13;19;2,224743314;0,642228076;1,149557335;1,283716291;1,764708345;2,163259409;2,617887904;3,375587133;3,648956966
14;20;1,833917476;0,529406374;0,947611921;1,058202861;1,454697921;1,783234592;2,157997441;2,782589882;3,0079362
15;21;0,663452053;0,296704778;0,215421076;0,261419955;0,446980968;0,619784818;0,832556786;1,214584198;1,358960607
16;22;0,935251181;0,35349172;0,376019481;0,438942197;0,679080124;0,891112279;1,14347374;1,582230646;1,744841215
17;23;1,002107706;0,378761111;0,402899272;0,470320024;0,727624235;0,95481353;1,225215075;1,695336563;1,869571364
18;24;1,026998241;0,388168849;0,412906558;0,48200192;0,7456971;0,978529364;1,255647193;1,737445644;1,916008122
19;25;0,598519527;0,299259763;0,163076427;0,20444206;0,379359663;0,549450015;0,76452303;1,160178709;1,311846032
20;26;0,963821613;0,393478526;0,353705545;0,419746681;0,677760866;0,910837317;1,192360076;1,688781711;1,874365108
21;27;1,033690329;0,42200231;0,379346132;0,450174678;0,726892656;0,976865131;1,27879585;1,811203752;2,010240337
22;28;1,231822194;0,465585026;0,49525641;0,578132112;0,894418511;1,17368671;1,506072764;2,083960828;2,298135706
23;29;0,877071243;0,392238184;0,284782645;0,345592306;0,590900505;0,819343972;1,100624546;1,605657662;1,796520582
24;30;1,075876713;0,439224829;0,394827792;0,468546952;0,756558187;1,016732397;1,330985342;1,885121574;2,092281128
25;31;1,112103133;0,454014203;0,40812225;0,484323647;0,782032662;1,050967337;1,375801661;1,94859651;2,162731444
26;32;2,053288483;0,619089771;1,024994213;1,151522874;1,608995999;1,991414016;2,430278317;3,166211763;3,432791478
27;33;1,859373532;0,560622214;0,928192568;1,042771716;1,457040547;1,803342563;2,200760009;2,867191045;3,108594661
28;34;2,043660144;0,546191148;1,117288018;1,235529413;1,653697358;1,995212932;2,380900131;3,017109347;3,245098152
29;35;1,893501507;0,488899987;1,05977842;1,167196048;1,544946234;1,851593996;2,196445497;2,762806271;2,965175533
30;36;1,961825596;0,462406727;1,162702182;1,268026465;1,633385421;1,925617534;2,250846949;2,779169014;2,966568778
31;37;1,792063025;0,411127454;1,078939006;1,173513815;1,500360689;1,760723272;2,049644117;2,517543928;2,683167332
32;38;1,56587681;0,359236778;0,94276013;1,025398127;1,310991844;1,538492622;1,790947164;2,199790745;2,3445099
33;39;1,415231036;0,324676267;0,852061533;0,92674931;1,184867375;1,390481354;1,618648411;1,98815904;2,118955434
34;40;1,385517341;0,309811096;0,846309986;0,918227482;1,165923058;1,36249506;1,580044447;1,931358498;2,055474107
35;41;1,30324377;0,291414166;0,796055152;0,863702106;1,096689241;1,281588578;1,486219639;1,816672268;1,933417753
36;42;1,29927947;0,283526025;0,80427447;0,870642517;1,098507072;1,278715198;1,477659732;1,798080211;1,911077869
37;43;1,063784107;0,250736319;0,630465881;0,687577124;0,885690071;1,044150578;1,220503605;1,506981984;1,608597995
38;44;0,984828884;0,238856089;0,573699117;0,627517924;0,814977175;0,965587279;1,133734403;1,407794566;1,505223914
39;45;0,993450576;0,240947156;0,57872157;0,633011534;0,822111899;0,97404052;1,143659689;1,420119113;1,518401408
40;46;0,709811927;0,204905054;0,366770181;0,409574052;0,563036204;0,690195278;0,835246047;1,076992565;1,16421214
41;47;0,618806644;0,195683843;0,296741839;0,335727709;0,478083006;0,598306484;0,737236707;0,971849227;1,057218988
42;48;0,538927306;0,190539576;0,232670559;0,268171762;0,401238779;0,516645992;0,652400478;0,885734693;0,971596697
43;49;0,821277901;0,247624604;0,409978969;0,460588123;0,64356902;0,796529244;0,972066951;1,266426891;1,373053909
44;50;1,127086259;0,301226473;0,616188546;0,68139912;0,912020315;1,100367439;1,31307538;1,663947156;1,78968384
45;51;1,298803875;0,324700969;0,742378636;0,814671219;1,067621114;1,271847976;1,50064539;1,874915103;2,008293259
46;52;1,331855769;0,323022471;0,775855066;0,848638154;1,102152942;1,305833946;1,533231538;1,90386304;2,035623838
47;53;1,490605279;0,333309473;0,910500429;0,987872682;1,254355332;1,465836817;1,699886767;2,077847088;2,211376548
48;54;1,669767927;0,340839951;1,069851818;1,151377253;1,42902311;1,646634842;1,885319834;2,267084577;2,401077084
49;55;1,762367841;0,333056216;1,171080632;1,25258021;1,527784252;1,741432256;1,974148414;2,34358178;2,4725758
50;56;1,505441083;0,289722271;0,992095159;1,062624455;1,301245447;1,486896735;1,68943888;2,01152622;2,124122953
51;57;1,464220711;0,27189896;0,98061159;1,047472053;1,272832142;1,447425413;1,637315317;1,938269819;2,043233963
52;58;1,355424065;0,25169593;0,907748769;0,969641269;1,178256326;1,339876716;1,515657146;1,794249691;1,891414637
53;59;1,313311182;0,23977672;0,886085539;0,945320479;1,144634234;1,298748011;1,466125031;1,7309867;1,823262797
54;60;1,162167209;0,219628958;0,77225167;0,825995353;1,007474557;1,148361549;1,301822752;1,54544008;1,630503263
55;61;0,922281831;0,192309056;0,584647566;0,630339437;0,786339695;0,908950414;1,043706126;1,259709073;1,33563509
56;62;0,886690614;0,189043074;0,555684287;0,600279008;0,752944034;0,873292698;1,005847633;1,218814419;1,293791665
57;63;0,871172586;0,190105444;0,539269561;0,583769628;0,736553813;0,857384152;0,990777335;1,205620672;1,281386098
58;64;0,856390876;0,191494821;0,523105796;0,567558135;0,720659237;0,842160761;0,976628447;1,193776323;1,270492414
59;65;0,753693517;0,182797528;0,439054248;0,480241998;0,623705319;0,738967839;0,867651511;1,077390859;1,151953932
60;66;0,837933339;0,197502782;0,496612402;0,541598423;0,697650241;0,822468181;0,961379902;1,187036389;1,267078422
61;67;1,075099922;0,229212074;0,673759398;0,72782987;0,912934072;1,058855138;1,219576136;1,477795374;1,568704233
62;68;1,185398939;0,241968545;0,759507468;0,817383873;1,014489769;1,168976337;1,3384232;1,609445007;1,70456875
63;69;1,352125631;0,255527726;0,898477662;0,96100585;1,172148173;1,33606341;1,514608135;1,798045175;1,897012096
64;70;1,150611724;0,230122345;0,744615241;0,800003111;0,988193302;1,135307132;1,296362126;1,553436437;1,643538278
65;71;1,063833064;0,217154015;0,681617917;0,73355894;0,910451093;1,049094644;1,201164271;1,444392058;1,529760603
66;72;1,1851911;0,228090134;0,781048403;0,836574119;1,024433663;1,170591661;1,330047352;1,583617586;1,672261804
67;73;1,162995606;0,223818609;0,766421433;0,820907299;1,00524873;1,148669576;1,305139083;1,553960618;1,640944764
68;74;1,257327315;0,229555511;0,84831346;0,905023331;1,095840734;1,243384944;1,403627011;1,657198149;1,745540699
69;75;1,254436577;0,22530346;0,852328793;0,908232791;1,096031936;1,2409741;1,398176683;1,646569711;1,733018916
70;76;1,007906207;0,19766667;0,658397797;0,706253316;0,868495404;0,995014199;1,133275979;1,353543612;1,430642682
71;77;1,338641967;0,226271791;0,932413178;0,989433842;1,17988534;1,325914808;1,483533805;1,731269967;1,817171746
72;78;1,44537812;0,23144573;1,027805138;1,086886258;1,283279798;1,433043408;1,594038234;1,845950348;1,933025309
73;79;1,274904958;0,209593084;0,897650746;0,950824653;1,127985787;1,263437905;1,409331619;1,638105855;1,717302991
74;80;1,105373484;0,189569988;0,765503271;0,813103522;0,972302756;1,09455558;1,226659576;1,434549878;1,506697834
75;81;1,045900871;0,182067972;0,719950035;0,765494498;0,918031546;1,035355397;1,162282582;1,362284418;1,431757539
76;82;1,290863397;0,201598993;0,926345861;0,978101217;1,149781862;1,280383877;1,420527545;1,639376652;1,71491665
77;83;1,525110222;0,215683156;1,131966203;1,188510239;1,374630948;1,514954959;1,664524224;1,896354282;1,975951062
78;84;1,325697592;0,193372868;0,974072726;1,024450694;1,190658925;1,316307428;1,450504957;1,658978687;1,730671515
79;85;1,287291226;0,183898747;0,952345136;1,000459004;1,158949004;1,278544813;1,406103365;1,603961382;1,671929541
80;86;1,524258874;0,19516135;1,165937261;1,21806733;1,388483368;1,515937731;1,650966802;1,858836974;1,929858998
81;87;1,436047312;0,182378191;1,10100924;1,149794808;1,309193457;1,42833405;1,554495947;1,748612622;1,814910222
82;88;1,341661233;0,169033427;1,03096933;1,076248599;1,22411502;1,334569212;1,451479151;1,631267358;1,69264837
83;89;1,397028782;0,166976877;1,089052472;1,134181178;1,281075555;1,390381925;1,505738543;1,682551072;1,742771774
84;90;1,196345187;0,149543148;0,921331572;0,961444712;1,092374745;1,190120025;1,293531926;1,452481952;1,506728858
85;91;1,157784;0,143605431;0,893553248;0,932125051;1,057962626;1,151852089;1,251141196;1,403678825;1,455718715
86;92;1,091448723;0,137509614;0,838699167;0,875534099;0,995824239;1,085679326;1,180786198;1,327044884;1,376978671
87;93;1,002653074;0,130534312;0,763265976;0,798029318;0,911797263;0,996994093;1,087342355;1,226581806;1,274192765
88;94;1,049796607;0,133324302;0,804873039;0,840536853;0,957062374;1,044157966;1,136386355;1,278291866;1,326757536
89;95;1,081140007;0,135142501;0,832609544;0,868859886;0,987181669;1,075514313;1,168967894;1,312611413;1,361634472
90;96;0,985667675;0,128323001;0,750335903;0,784510338;0,896351003;0,980104559;1,068922281;1,205802951;1,252607359
91;97;0,983632652;0,128058064;0,748786749;0,782890628;0,894500384;0,978081022;1,066715369;1,203313434;1,25002121
92;98;1,007101729;0,130016274;0,768524717;0,803202545;0,916627605;1,001512279;1,091485051;1,230068661;1,277436391
93;99;1,027049674;0,131500236;0,785611621;0,820736999;0,935563778;1,021442865;1,112425812;1,252489286;1,300344114
94;100;0,992072169;0,129156795;0,7552113;0,789607788;0,902175151;0,986472906;1,075867732;1,213637801;1,260746326
95;101;0,926015257;0,124863872;0,697601421;0,730639741;0,839020097;0,92040913;1,006901663;1,140515562;1,186280876
96;102;0,869429736;0,121744514;0,647347546;0,679327044;0,784515007;0,863753839;0,948159896;1,078895376;1,123759528
97;103;0,978711064;0,130785767;0,73930782;0,773971545;0,887613391;0,972891607;1,063467476;1,203303091;1,251178281
98;104;1,172399661;0,144312422;0,906733813;0,94554598;1,072107358;1,166483796;1,266245236;1,419434455;1,471678403
99;105;1,239867422;0,147145192;0,968346743;1,008161683;1,137704717;1,234051332;1,335691965;1,4914138;1,544434547
100;106;1,459832071;0,156510426;1,169265645;1,212281561;1,351442358;1,45424267;1,562130285;1,726449649;1,782157965
101;107;1,348455462;0,145407692;1,078590313;1,118521092;1,247740849;1,343232507;1,443477958;1,59620686;1,647997851
102;108;1,328389422;0,139253049;1,069536299;1,107932608;1,232002611;1,323526708;1,419476635;1,565434321;1,614873093
103;109;1,266370637;0,132028266;1,020873468;1,05730576;1,174996337;1,261785305;1,352747629;1,491077363;1,537922277
104;110;1,097918979;0,119792782;0,875743176;0,908582917;1,014922554;1,093565244;1,176170618;1,302106924;1,344832955
105;111;1,004101445;0,112970239;0,79495657;0,825783205;0,925772786;0,999867923;1,077816411;1,196861546;1,23730121
106;112;0,962118527;0,110362564;0,758039969;0,788064864;0,885560733;0,957902015;1,034081219;1,150556059;1,190155169
107;113;0,828881729;0,102810125;0,63971342;0,667327779;0,757417524;0,824634951;0,895718094;1,004922967;1,042179411
108;114;0,850795585;0,105528205;0,656626071;0,684970494;0,77744202;0,846436531;0,91939896;1,031490975;1,0697324
109;115;0,840779823;0,106779144;0,644621069;0,673184141;0,766509177;0,836263847;0,910129364;1,023781179;1,06259723
110;116;0,883058769;0,111254947;0,678566605;0,708368655;0,805691837;0,878390921;0,955339069;1,073672631;1,114072576
111;117;0,995795271;0,119879663;0,774788159;0,807149552;0,912531932;0,990988819;1,073820765;1,200837447;1,24411202
112;118;0,948892714;0,117695656;0,732335364;0,763947913;0,867081448;0,944031059;1,025406091;1,150422367;1,193073046
113;119;0,911744152;0,115791623;0,699029013;0,730002893;0,831204842;0,906847015;0,986947002;1,11019137;1,152283611
114;120;1,122154239;0,12957521;0,882645494;0,917860639;1,032253664;1,117170847;1,206623998;1,343447799;1,389978395
115;121;1,101775904;0,128078847;0,86513106;0,899902547;1,012898321;1,096816944;1,185249321;1,320565893;1,366597275
116;122;1,0640724;0,124540254;0,834062903;0,86783702;0,977635284;1,059217586;1,145218869;1,27686915;1,321666604
117;123;1,036333067;0,122133023;0,8108668;0,843951373;0,951551631;1,031539198;1,115890296;1,245068244;1,289037691
118;124;1,000929912;0,119634007;0,78027397;0,812607357;0,917852845;0,996167635;1,078817249;1,20549821;1,248644566
119;125;1,100615817;0,125426813;0,868588791;0,90274684;1,013622395;1,095854931;1,182420865;1,314725687;1,359694105
120;126;1,175415806;0,129018646;0,936212128;0,971549588;1,086014352;1,170698646;1,259676423;1,395373674;1,441422616
121;127;0,92366008;0,112843039;0,715823875;0,74621108;0,845253645;0,919068843;0,997063254;1,116771402;1,157582957
122;128;1,044915029;0,119859974;0,823274196;0,855882927;0,961768944;1,040335659;1,123070575;1,249568827;1,292575695
123;129;1,161224359;0,126699965;0,926238026;0,960971288;1,073442408;1,156619591;1,243987942;1,377185664;1,422375254
124;130;1,041763515;0,118719971;0,822143474;0,854475018;0,959421818;1,037257203;1,11919427;1,244424467;1,286988327
125;131;0,892143244;0,108992644;0,69139876;0,720749102;0,816412168;0,887708668;0,963041778;1,078665283;1,118084279
126;132;0,91735449;0,111245572;0,712361656;0,742355886;0,840073175;0,912861594;0,989739683;1,10767992;1,147875307
127;133;0,855130996;0,108601745;0,655624031;0,684674642;0,779592633;0,850537937;0,925664256;1,041255981;1,080734578
128;134;1,004847815;0,119253496;0,78479448;0,817062411;0,922050277;1,000134178;1,082508605;1,208713022;1,25168357
129;135;0,861055016;0,111161725;0,657075688;0,686724648;0,783701163;0,85627613;0,933201334;1,051687986;1,092186598
130;136;0,773366301;0,106230031;0,579304429;0,607313333;0,699314239;0,768507837;0,842124391;0,955993529;0,995031785
131;137;0,883018721;0,115946038;0,670513136;0,701343427;0,802297508;0,877949118;0,958215682;1,081988416;1,124328119
132;138;0,978340335;0,124249347;0,750087925;0,783324218;0,891918222;0,973085498;1,059036198;1,191282658;1,236449426
133;139;0,847249994;0,116378737;0,634648385;0,665333125;0,766123355;0,841927377;0,922576901;1,047324549;1,090092332
134;140;0,832841121;0,116621083;0,620104918;0,650738608;0,751499898;0,827404085;0,908258042;1,03349172;1,076467834
135;141;0,609625416;0,101604236;0,426974146;0,452666624;0,538371356;0,603990122;0,674740348;0,78580945;0,824290228
136;142;0,649929723;0,108321621;0,455202788;0,482593879;0,573964827;0,643921862;0,719349615;0,837761854;0,878786721
137;143;0,666199138;0,11425221;0,461362269;0,490050533;0,585998549;0,65967928;0,739297227;0,864590933;0,908073889
138;144;0,801180405;0,129968624;0,566962938;0,600040024;0,710115573;0,794163572;0,884600783;1,026259077;1,075260556
139;145;0,690700905;0,124053545;0,469297755;0,500078858;0,603482284;0,683288379;0,769845139;0,90661195;0,954211442
140;146;0,659490702;0,124632028;0,438226782;0,468724509;0,571707838;0,651656455;0,738740513;0,876985131;0,925255619
141;147;0,633109744;0,126621949;0,409715245;0,44019173;0,543741034;0,624688583;0,713307084;0,854759016;0,90433643
142;148;0,602425655;0,128437581;0,377536951;0,407835009;0,511557014;0,59332299;0,683382017;0,828073585;0,879013807
143;149;0,775071226;0,152003973;0,506302258;0,543102741;0,667865515;0,765157383;0,871479506;1,040863426;1,100151949
144;150;0,828194729;0,162422349;0,541004293;0,580327088;0,713641121;0,817601389;0,931210847;1,112204367;1,175556535
145;151;1,527760803;0,225256041;1,118512921;1,177066156;1,370405673;1,516704447;1,673069323;1,916173889;1,99982363
146;152;1,717067988;0,233663357;1,289914319;1,351633024;1,554227192;1,706480513;1,868372161;2,118621216;2,204375219
147;153;1,467910605;0,203562575;1,096305851;1,149878835;1,325969535;1,45851172;1,599610372;1,818005985;1,892915366
148;154;1,35781722;0,186510539;1,017098273;1,066274158;1,227802292;1,349287103;1,478537399;1,678460098;1,747000472
149;155;1,341598952;0,179278701;1,013429431;1,060945822;1,216723955;1,33362175;1,457781468;1,649465532;1,715091954
150;156;1,128248827;0,159558479;0,837408026;0,879238277;1,016926995;1,120736148;1,231384773;1,402888436;1,461772688
151;157;1,088746956;0,153972071;0,808088976;0,84845468;0,981322686;1,081497308;1,188271939;1,353770974;1,41059359
152;158;0,450807823;0,098374332;0,279057148;0,302084707;0,381146315;0,443672688;0,512699987;0,623875497;0,663082019
153;159;0,389061446;0,094361261;0,22664263;0,247904011;0,321960702;0,381459957;0,447887296;0,556156098;0,594646037
154;160;0,472652779;0,111405328;0,280123992;0,305499242;0,393523339;0,463929353;0,542285241;0,669571221;0,714720504
155;161;0,537357171;0,1266563;0,318471915;0,347320942;0,447395207;0,52743954;0,616522055;0,761233008;0,812563058
156;162;0,632623532;0,145133792;0,380880692;0,414266934;0,529648492;0,621560157;0,723553292;0,888728527;0,947195925
157;163;0,728932722;0,162994312;0,445251044;0,483087463;0,61340226;0,7168205;0,831275124;1,016104502;1,081402803
158;164;0,780804854;0,174593273;0,47693589;0,517464815;0,657053042;0,767830705;0,890430122;1,088412282;1,158357325
159;165;0,823892071;0,184227868;0,503254681;0,546020118;0,693311252;0,810201968;0,939566798;1,148474224;1,22227905
160;166;0,646159305;0,166837615;0,361650458;0,398306833;0,527214466;0,631858325;0,749539249;0,942810436;1,011869151
161;167;0,780370372;0,189267616;0,454594499;0,497240082;0,645781264;0,765123481;0,89836189;1,115524927;1,192727147
162;168;1,176620704;0,240176696;0,753883087;0,811330899;1,006977168;1,160319716;1,328511774;1,597526583;1,691945906
163;169;1,27785254;0,250607501;0,834735705;0,89540831;1,101103506;1,261507681;1,436799951;1,716061605;1,813810027
164;170;1,648434197;0,278636235;1,148194817;1,218411361;1,452937671;1,632761682;1,826857304;2,131925255;2,237706661
165;171;1,554192629;0,259032105;1,08853741;1,154038386;1,372535939;1,539825885;1,720198091;2,003360135;2,10146389
166;172;1,596791577;0,249376948;1,145885204;1,209906321;1,422274422;1,583828463;1,757185481;2,027900732;2,121343334
167;173;1,589783599;0,236990946;1,159599066;1,221060327;1,424175221;1,578023058;1,742578258;1,998627719;2,086783382
168;174;1,436424287;0,21412949;1,047737732;1,1032701;1,286791409;1,425798233;1,57447953;1,805829044;1,885480725
169;175;1,085698742;0,178487774;0,764432109;0,809714578;0,960583566;1,075933493;1,200175399;1,394997686;1,462441326
170;176;1,020432646;0,170072108;0,71469848;0,757704304;0,901162735;1,010999907;1,129426467;1,315341513;1,379753268
171;177;0,736389537;0,14441787;0,481034094;0,515997966;0,63453417;0,726970467;0,827986343;0,988916774;1,045246368
172;178;0,733616791;0,146723358;0,474758106;0,510072775;0,630060674;0,723858759;0,826545569;0,990453191;1,047901088
173;179;0,7809057;0,15618114;0,505360995;0,542952046;0,67067436;0,770518666;0,879824664;1,054297764;1,115448751
174;180;0,725286719;0,154631648;0,454533326;0,491010489;0,615885969;0,71432762;0,82275364;0,996954178;1,058283349
175;181;0,732426635;0,159828595;0,453383631;0,490796463;0,619247712;0,720834194;0,832982719;1,013609365;1,077308128
176;182;0,816173274;0,174008727;0,511491446;0,552539607;0,693063384;0,803840877;0,925853892;1,121883709;1,190898114
177;183;0,624126226;0,156031556;0,356742065;0,391481487;0,513033837;0,611172858;0,721118993;0,900970277;0,965063714
178;184;0,833517228;0,186380118;0,509133977;0,552399023;0,701410893;0,81966719;0,950543331;1,161891327;1,236558381
179;185;0,885776292;0,1980656;0,541055171;0,587032807;0,745387281;0,871057898;1,010139585;1,234738476;1,314086933
180;186;0,685502238;0,176995917;0,383670399;0,422558683;0,559315162;0,670330509;0,795176713;1,000215672;1,073479191
181;187;1,061134251;0,226234582;0,665007186;0,718375277;0,901074953;1,045100488;1,203733702;1,458598643;1,548326585
182;188;1,141076815;0,237930963;0,723344818;0,779876273;0,972884821;1,124582757;1,291306867;1,558552677;1,652490793
183;189;1,41251043;0,262296602;0,945980403;1,010479629;1,227880922;1,396308273;1,579492043;1,869818065;1,971075305
184;190;1,526962824;0,265810109;1,051090948;1,117583581;1,340280022;1,511566962;1,696874287;1,988866937;2,09029421
185;191;1,275575976;0,232887245;0,860625754;0,918158704;1,111745602;1,261431247;1,423999043;1,681250475;1,770875215
186;192;1,198277786;0,218774591;0,808472991;0,862519521;1,044375313;1,184990209;1,337706616;1,579368956;1,663562558
187;193;1,582380416;0,247126302;1,135543506;1,198986828;1,409438291;1,569534295;1,741326753;2,009598779;2,102198054
188;194;1,46942005;0,229484857;1,054481198;1,113395532;1,308823633;1,457490967;1,617019788;1,866140854;1,952129804
189;195;1,276154068;0,204348195;0,907470294;0,95963423;1,133034126;1,265263497;1,40740914;1,629827526;1,706707801
190;196;1,019232302;0,17742557;0,701592619;0,745975781;0,894623412;1,008955719;1,132646492;1,327548645;1,395250327
191;197;1,155372197;0,18742612;0,817610131;0,865310181;1,024048747;1,14525331;1,275671677;1,479955323;1,550619739
192;198;1,111310932;0,182698392;0,782465454;0,82881616;0,983244224;1,101315315;1,228488151;1,427906396;1,496941066
193;199;1,117210844;0,181235531;0,790604886;0,836729428;0,99022494;1,107426179;1,233536894;1,431073155;1,499403562
194;200;0,954085164;0,166084909;0,656748327;0,698294612;0,837441006;0,944465438;1,060250162;1,242694588;1,306068925
195;201;1,099821927;0,178414676;0,778299453;0,823706086;0,974812505;1,090189556;1,21433741;1,408799103;1,476065976
196;202;1,213353284;0,187224476;0,874478322;0,922672281;1,082381095;1,203737201;1,33384865;1,536839628;1,606859052
197;203;1,121984073;0,177401258;0,801561871;0,846978461;0,997787569;1,112648184;1,236009319;1,428839339;1,495444434
198;204;1,010539311;0,166131639;0,711512933;0,753660643;0,894085456;1,001450078;1,117091117;1,298426484;1,361201218
199;205;1,114068167;0,173988217;0,799474551;0,84414155;0,992309003;1,10502391;1,225973656;1,414849429;1,480043553
200;206;1,185093939;0,178659634;0,86109107;0,907313771;1,06020398;1,176128147;1,300215322;1,493460807;1,560033901
201;207;1,23208713;0,179718379;0,90529128;0,952111947;1,106583844;1,223360026;1,348081569;1,541834504;1,608464941
202;208;1,237709826;0,176815689;0,915664543;0,961925254;1,114310842;1,229300289;1,351945787;1,542183091;1,607533383
203;209;1,406240215;0,184648386;1,067817152;1,116915539;1,277688676;1,398166684;1,525994178;1,723106868;1,790534423
204;210;1,438535243;0,181238405;1,105409979;1,153958616;1,312501662;1,430931146;1,556282511;1,74905224;1,814865239
205;211;1,565393146;0,181973257;1,229170311;1,278573322;1,439116686;1,5583475;1,683991414;1,876247964;1,94164893
206;212;1,429428522;0,16616769;1,122408837;1,167520874;1,314119998;1,422994836;1,537725756;1,713283568;1,773004033
207;213;1,241797924;0,148423241;0,968042403;1,008156633;1,13872884;1,235889633;1,3384284;1,495594404;1,549123682
208;214;1,227490744;0,143666925;0,962156797;1,001117883;1,12777877;1,221890336;1,321099543;1,472968439;1,524645807
209;215;1,099305242;0,133310342;0,853653535;0,889596908;1,006695728;1,093921212;1,186047525;1,327380371;1,375548228
210;216;1,071643083;0,129955813;0,832172786;0,867211705;0,981363931;1,066394534;1,156202644;1,293979087;1,340934881
211;217;1,074604507;0,12936718;0,836106449;0,871028987;0,984751541;1,069417663;1,158805096;1,295874133;1,342573543
212;218;1,062491235;0,127908914;0,8266816;0,861210481;0,973651119;1,057362859;1,145742689;1,281266642;1,327439642
213;219;1,081916268;0,128399838;0,844985581;0,879728353;0,992768436;1,07684111;1,165533379;1,301417251;1,347683495
214;220;1,069303484;0,126902976;0,835134892;0,869472639;0,981194921;1,064287491;1,151945802;1,286245564;1,331972445
215;221;0,996913143;0,121792325;0,772593993;0,805391127;0,912288498;0,991957787;1,076137731;1,205339619;1,249387831
216;222;0,964878054;0,119678393;0,744672512;0,776817615;0,881688571;0,959934498;1,042680399;1,169802738;1,213171923
217;223;0,912386653;0,11681914;0,697903495;0,729107367;0,831114527;0,907405806;0,988231133;1,112657485;1,155169651
218;224;1,063799636;0,127148376;0,829284005;0,863648294;0,975504389;1,058738234;1,146579179;1,281217138;1,327073573
219;225;1,081490797;0,128349344;0,844653285;0,879382395;0,992378023;1,076417635;1,165075026;1,300905461;1,34715351
220;226;1,096767345;0,128366908;0,859690521;0,89450239;1,007674342;1,091763361;1,18040714;1,31610254;1,362276451
221;227;1,124542158;0,128993832;0,886011317;0,921104977;1,035059975;1,11961382;1,208653501;1,344791477;1,391075658
222;228;1,218617769;0,132962099;0,972017258;1,008467208;1,126497203;1,213785411;1,305471935;1,445252943;1,492676024
223;229;1,319806409;0,136127637;1,066537923;1,104157922;1,22561865;1,315129206;1,408896705;1,55141012;1,599651462
224;230;1,320241414;0,132689255;1,073027074;1,109827232;1,228487389;1,315798827;1,407153613;1,545810439;1,592699372
225;231;1,207596023;0,123249753;0,978156656;1,012267316;1,122339341;1,20340558;1,288285716;1,417219471;1,460846189
226;232;1,094511565;0,114735988;0,881232437;0,912868646;1,015094733;1,090504986;1,169561853;1,289822051;1,330556572
227;233;1,092929509;0,113331511;0,882135169;0,913431933;1,0145048;1,089014705;1,16708767;1,285781567;1,325968322
228;234;1,042016082;0,109838139;0,837903982;0,868165961;0,965979483;1,038159314;1,11384942;1,229022729;1,268042782
229;235;0,985772494;0,106298582;0,788490753;0,817681679;0,912146262;0,981954314;1,055237571;1,166888238;1,204749432
230;236;0,94083401;0,103897736;0,748273209;0,776704419;0,868829015;0,937012258;1,008674014;1,118000756;1,155110152
231;237;0,974086054;0,106281502;0,776969186;0,806104973;0,900450694;0,970223372;1,043511787;1,155243894;1,193150909
232;238;0,86682536;0,100766401;0,680644348;0,708000916;0,796900666;0,862923884;0,932498311;1,038959013;1,075174335
233;239;0,764397443;0,09554968;0,588679174;0,61430922;0,697966164;0,760419913;0,826494315;0,928054462;0,962715191
234;240;0,735101693;0,095702089;0,559593468;0,585080441;0,668490158;0,730952773;0,797192196;0,899276514;0,934182802
235;241;0,776419683;0,101081233;0,591046636;0,61796616;0,706064101;0,772037564;0,842000117;0,949822307;0,986690579
236;242;0,817401178;0,106416569;0,622243649;0,650584057;0,743332042;0,812787759;0,886443123;0,999956454;1,038770731
237;243;0,996918445;0,120014878;0,775662056;0,80805995;0,913561193;0,992106572;1,075031946;1,202191892;1,245515276
238;244;1,234046408;0,134645502;0,984323744;1,021235179;1,140759524;1,229152868;1,322000214;1,463550957;1,511574451
239;245;1,143960643;0,127898688;0,907089644;0,942023395;1,0552951;1,139197687;1,227435495;1,3621458;1,40789483
240;246;1,188253066;0,128132623;0,950449075;0,985635902;1,099503788;1,183650621;1,271986474;1,406570516;1,452208511
241;247;1,100034662;0,121478506;0,874890212;0,908132331;1,015845538;1,095566222;1,179354026;1,307180193;1,350568954
242;248;1,113079246;0,120730395;0,889088167;0,922213848;1,029445213;1,108717285;1,191959511;1,318824577;1,361855282
243;249;1,235032455;0,126049972;1,000380254;1,035265903;1,147838751;1,230746805;1,317555407;1,449418521;1,494036432
244;250;1,293377044;0,126826054;1,056782769;1,092072405;1,205726054;1,289233975;1,37651259;1,508814757;1,553513166
245;251;1,170989008;0,117688823;0,951722083;0,984362008;1,089607714;1,167048652;1,248075841;1,371057605;1,412645776
246;252;1,432505939;0,127617772;1,193315703;1,229252719;1,34448904;1,428718028;1,516394308;1,648680583;1,693220393
247;253;1,489836527;0,126366285;1,252465822;1,288251878;1,402769069;1,486265305;1,573011562;1,703603381;1,747500344
248;254;1,366490293;0,115904194;1,148771933;1,181595198;1,286631305;1,363214738;1,442779117;1,562559006;1,602821661
249;255;1,305450019;0,109167215;1,100259523;1,131223661;1,230253826;1,302408276;1,377330874;1,490052403;1,527924957
250;256;1,171445066;0,100450586;0,982846401;1,011258391;1,102218753;1,168575131;1,237543329;1,34142171;1,376351812
251;257;1,109227677;0,095822677;0,929377609;0,956457794;1,043180936;1,106469628;1,172268325;1,271405871;1,30475003
252;258;1,157306704;0,096778848;0,975401358;1,002851666;1,090643824;1,15461014;1,221030473;1,320960289;1,354535041
253;259;1,26360018;0,099896365;1,075390904;1,103896057;1,194863553;1,260968656;1,329468535;1,432280948;1,466763001
254;260;1,295964445;0,099104878;1,108997199;1,137372356;1,227814013;1,293439076;1,361362285;1,463171049;1,497282092
255;261;1,279657088;0,095914354;1,098567372;1,126083558;1,213724373;1,277261526;1,342978683;1,441402328;1,474359618
256;262;1,268929205;0,093042404;1,093114536;1,119863575;1,204995456;1,266655864;1,330385039;1,425749614;1,457662202
257;263;1,148973012;0,0863621;0,985936035;1,010705008;1,089603658;1,146809947;1,205984665;1,294619636;1,324301629
258;264;1,159002427;0,085211553;0,998001459;1,022492869;1,100446863;1,156914805;1,215282509;1,302633247;1,331866369
259;265;1,08523967;0,081342152;0,931662789;0,95499846;1,029324066;1,083208064;1,138940858;1,222411067;1,250361178
260;266;0,943439939;0,075056052;0,802067368;0,823470402;0,891789357;0,941450307;0,992921894;1,070196503;1,096118514
261;267;0,885616653;0,07279724;0,748686057;0,769373;0,835489404;0,883622821;0,933570719;1,008661676;1,033877059
262;268;0,922439496;0,075067062;0,781179407;0,802534402;0,870759215;0,920404007;0,971901183;1,04928806;1,075266133
263;269;0,909924362;0,075305876;0,768316215;0,789700247;0,85806289;0,907847755;0,959522434;1,037232218;1,063332675
264;270;1,008433346;0,079973966;0,857778087;0,880591013;0,953401695;1,006320019;1,061161544;1,143484653;1,171097506
265;271;0,964661468;0,078503037;0,816935611;0,839268069;0,910615673;0,962532811;1,016387119;1,097316154;1,124483297
266;272;0,878195293;0,075029287;0,737302861;0,758533341;0,82649204;0,876059491;0,927570652;1,005142925;1,031224186
267;273;0,823003788;0,073319005;0,685584134;0,70623068;0,77243629;0,820827556;0,871199361;0,947200516;0,972789543
268;274;0,776275487;0,072388062;0,640895028;0,661166942;0,726302152;0,774026576;0,823797727;0,899055608;0,92443491
269;275;0,824470859;0,076222358;0,681859864;0,703228316;0,771860177;0,822123133;0,874522738;0,953722056;0,980422344
270;276;0,814952893;0,077351905;0,670414962;0,692028925;0,761532376;0,812506898;0,865707534;0,946220753;0,973389626
271;277;0,7237603;0,07425624;0,585565303;0,606101679;0,67238814;0,72122238;0,772366494;0,850076458;0,876376158
272;278;0,744656207;0,077217252;0,601033665;0,622357392;0,691222343;0,741988896;0,795183103;0,87605396;0,90343479
273;279;0,787611387;0,081671496;0,635704039;0,658257816;0,731095213;0,784790213;0,841052905;0,926588764;0,955549046
274;280;0,843831297;0,086575264;0,68270991;0,706653247;0,783936555;0,840872339;0,900501202;0,991103159;1,021765949
275;281;0,939972131;0,09307111;0,766434938;0,792299001;0,875635598;0,936902117;1,000962735;1,098117875;1,130953785
276;282;1,043808926;0,099073959;0,858681682;0,886365304;0,975386796;1,040676044;1,108816544;1,211939581;1,246738048
277;283;1,043441629;0,099039097;0,858379528;0,886053409;0,975043575;1,040309849;1,108426372;1,211513122;1,246299344
278;284;1,118693623;0,102122289;0,92750819;0,956181841;1,04822498;1,11558768;1,185777061;1,291800505;1,32752801
279;285;1,046008735;0,097967694;0,862828218;0,890248665;0,978370087;1,042951825;1,110315653;1,212196666;1,246559487
280;286;1,094981279;0,099543753;0,908586431;0,93655013;1,026297915;1,091966284;1,160378558;1,263697281;1,298508304
281;287;1,126090734;0,100320136;0,938063655;0,966313688;1,056900785;1,123113064;1,192035254;1,296025293;1,33103797
282;288;1,076336149;0,097049962;0,894540571;0,921830602;1,009384913;1,073420658;1,140109741;1,240787107;1,274698512
283;289;0,98047373;0,091829778;0,80876992;0,834472409;0,917072809;0,977608342;1,040751662;1,13624958;1,168459487
284;290;0,978926632;0,091684879;0,807493755;0,833155687;0,915625752;0,976065766;1,039109451;1,134456682;1,166615764
285;291;0,916075699;0,088977138;0,750007722;0,77479664;0,854595553;0,913196574;0,974417933;1,067176185;1,098503548
286;292;0,884296526;0,087990793;0,720274044;0,744710276;0,823465075;0,881379774;0,941949092;1,033832581;1,064892586
287;293;0,823893069;0,08589679;0,664174097;0,687876726;0,764445503;0,82090988;0,880089417;0,970085905;1,000562922
288;294;0,795318377;0,085761386;0,636152043;0,659703197;0,735916947;0,792237881;0,851362599;0,941442032;0,971988333
289;295;0,799764031;0,087785507;0,637007586;0,661051528;0,738934436;0,79655443;0,857095752;0,949425444;0,98075758
290;296;0,834609094;0,09161025;0,664761484;0,689853001;0,771129203;0,831259654;0,894438711;0,990791132;1,023488383
291;297;0,856183215;0,094549619;0,680947919;0,706821054;0,790656812;0,852705322;0,917919368;1,017409523;1,05118003
292;298;0,862214928;0,09639856;0,683682815;0,710012743;0,795386795;0,85862504;0,925130785;1,026663331;1,061144846
293;299;0,932290874;0,101721274;0,743631713;0,771517369;0,861814991;0,928593928;0,998737752;1,105675761;1,141956297
294;300;0,962995674;0,104451546;0,769206741;0,797865875;0,890638552;0,959221865;1,03124001;1,140999051;1,178227652
295;301;1,076216547;0,111003261;0,869692519;0,900369189;0,999412537;1,072402591;1,148863907;1,265074356;1,304412042
296;302;1,014086231;0,107492926;0,814394514;0,84398673;0,939663278;1,010290695;1,084372668;1,197133392;1,235344593
297;303;1,086145294;0,11085424;0,879781175;0,910461247;1,009463074;1,082376293;1,158719837;1,274686426;1,313925503
298;304;1,076599401;0,109879966;0,872048972;0,902459403;1,000591124;1,072863525;1,148536103;1,263483487;1,302377701
299;305;1,094092513;0,109960435;0,889224407;0,919720934;1,018055365;1,090410913;1,166117209;1,281023008;1,319880167
300;306;1,023398561;0,105555502;0,827010211;0,856181347;0,950363898;1,019771785;1,092480573;1,202987707;1,240394799
301;307;1,058042299;0,106878412;0,858969882;0,888591273;0,984127801;1,0544457;1,128036994;1,239762287;1,277551247
302;308;1,030088878;0,105133006;0,834375299;0,863471959;0,95736426;1,026514397;1,098917819;1,208899323;1,246113255
303;309;1,076525715;0,107118312;0,876847876;0,906596078;1,002470667;1,072974917;1,146710849;1,258568056;1,296379913
304;310;1,077154438;0,106654182;0,878290716;0,907929456;1,003428443;1,073636378;1,147046191;1,25838044;1,29600852
305;311;1,06249947;0,105203124;0,866341341;0,895576838;0,989776536;1,059029274;1,131440327;1,241259845;1,278375984
306;312;1,1224323;0,107509516;0,921633712;0,951639677;1,048169721;1,119001658;1,192955855;1,304927698;1,342724676
307;313;1,042470555;0,102717676;0,850898254;0,8794615;0,971473487;1,039098811;1,109792838;1,216981498;1,253201834
308;314;1,198573494;0,10941429;0,993736541;1,024457623;1,123073066;1,195245772;1,270446998;1,384041004;1,422319617
309;315;1,297023419;0,112466194;1,085970605;1,11774075;1,21949913;1,293774186;1,371006261;1,487389936;1,526539597
310;316;1,430095457;0,115240376;1,213148447;1,245966227;1,350772491;1,427001207;1,506045815;1,624779801;1,664625393
311;317;1,333980254;0,107495192;1,131614023;1,162226155;1,2599885;1,331093964;1,404826068;1,515580069;1,55274768
312;318;1,221994057;0,099444466;1,034860927;1,06315078;1,153531034;1,21929756;1,287518015;1,390035638;1,424449874
313;319;1,235383747;0,097665661;1,05137722;1,079245848;1,168182023;1,232810987;1,29978125;1,400297842;1,434009904
314;320;1,319160468;0,098875257;1,132480461;1,160846079;1,251192391;1,316690954;1,384436818;1,485898829;1,51987352
315;321;1,146089707;0,089768674;0,976897628;1,002537416;1,084332371;1,143746819;1,205293367;1,297634045;1,328595189
316;322;1,067989895;0,084964714;0,907953764;0,93218236;1,009520567;1,065737598;1,124004301;1,21148046;1,240824613
317;323;1,097834995;0,085466338;0,936712187;0,961138365;1,039044101;1,095617945;1,154209369;1,242094415;1,27155615
318;324;1,127728952;0,085988526;0,965487873;0,990114793;1,06860122;1,125544185;1,184475337;1,272795764;1,302384965
319;325;1,13592007;0,085380981;0,97473528;0,999222863;1,077225183;1,133781578;1,192284041;1,279912071;1,309256861
320;326;1,08959972;0,082602342;0,933712325;0,957383036;1,032806317;1,087513076;1,144118724;1,228934337;1,257344473
321;327;1,013175924;0,078875639;0,864478032;0,887020595;0,958918664;1,011129841;1,065203012;1,146310841;1,173500647
322;328;1,085628488;0,081371295;0,931996584;0,955340615;1,029692851;1,083596154;1,139348916;1,22284903;1,250809156
323;329;1,063560992;0,080168926;0,912232288;0,935218637;1,008446329;1,061547351;1,116480825;1,198772252;1,226332224
324;330;1,001384852;0,077258519;0,855683125;0,877783702;0,948248743;0,99939868;1,052356086;1,131761219;1,158372982
325;331;0,950181876;0,075118473;0,808655271;0,830090121;0,898494406;0,948203065;0,99971251;1,077023745;1,102953008
326;332;0,969245734;0,076151137;0,825737276;0,847480739;0,916853751;0,967252133;1,019464756;1,097811297;1,12408278
327;333;0,97807339;0,076844703;0,833257892;0,855199388;0,925204234;0,976061631;1,028749794;1,107809897;1,134320654
328;334;0,977642975;0,07704906;0,832460623;0,854453447;0,924630178;0,975619616;1,028450378;1,107734578;1,134323004
329;335;0,964464499;0,076728676;0,81994144;0,841821442;0,911662884;0,962430529;1,01504916;1,094045834;1,120545517
330;336;0,885097911;0,073758159;0,746441307;0,767370056;0,834295516;0,883049919;0,933668101;1,009811899;1,035392064
331;337;0,863255167;0,07348516;0,725240131;0,746042196;0,812619641;0,861170908;0,911618975;0,987577997;1,013113791
332;338;0,765046367;0,070131686;0,633777482;0,65345887;0,716648312;0,762904451;0,811109925;0,883940446;0,908486291
333;339;0,763225284;0,071482597;0,629566743;0,649574203;0,713872421;0,760994795;0,810147135;0,884485104;0,909558101
334;340;0,739092697;0,072128062;0,604504602;0,624586982;0,689249447;0,7367477;0,786380179;0,861597797;0,887005608
335;341;0,852851054;0,079528771;0,704116013;0,726387646;0,797948109;0,8503803;0,905061118;0,9877428;1,01562564
336;342;0,795454251;0,078378436;0,649275542;0,671070647;0,741280137;0,792881452;0,846824332;0,92861434;0,956252167
337;343;0,824748244;0,081264859;0,673186248;0,695783996;0,768579073;0,822080697;0,878010118;0,962812186;0,991467824
338;344;0,782997131;0,080759988;0,632741385;0,655060075;0,727118675;0,780222303;0,835851434;0,92039989;0,94901987
339;345;0,893969433;0,088085426;0,729686825;0,754181204;0,833085978;0,891077998;0,95170158;1,043621092;1,0746818
340;346;0,914076476;0,090507058;0,745320126;0,77047165;0,851512375;0,911091039;0,973386826;1,067865402;1,099796703
341;347;0,940320709;0,092652553;0,76752024;0,793284624;0,876280518;0,937279357;1,001046202;1,097731634;1,130402803
342;348;0,96372473;0,094500985;0,787432941;0,813728053;0,898413979;0,960637635;1,025670921;1,124252283;1,157558087
343;349;1,216680424;0,106709932;1,0165333;1,046637733;1,143107016;1,213562157;1,286855143;1,397360221;1,434546676
344;350;1,383159411;0,112559917;1,17134582;1,203366741;1,305666993;1,38010728;1,457325139;1,573363522;1,612316555
345;351;1,396000696;0,109680173;1,189306047;1,220623067;1,320540736;1,39312932;1,468330949;1,581173154;1,619011865
346;352;1,290712415;0,101722389;1,099038492;1,128074052;1,220723393;1,288041118;1,357789812;1,462463096;1,497565902
347;353;1,276019248;0,098155327;1,090886444;1,118973158;1,208514583;1,273503329;1,340781625;1,44164762;1,475448741
348;354;1,356963765;0,09870459;1,170393719;1,198792191;1,289148695;1,354571283;1,422171051;1,523296528;1,55712918
349;355;1,299043951;0,093750422;1,121786273;1,148779403;1,234641401;1,296789364;1,360989017;1,456999299;1,489113417
350;356;1,116010969;0,0843625;0,956784013;0,980965968;1,058010346;1,113885955;1,171695369;1,258304791;1,287313329
351;357;1,03018345;0,079717989;0,879861293;0,902658545;0,975352804;1,028127927;1,082773633;1,164720142;1,192186091
352;358;1,124571312;0,082904497;0,967945423;0,991767548;1,067598405;1,122534703;1,179324342;1,264322324;1,292770288
353;359;1,324668287;0,089309118;1,155396526;1,181269797;1,263386424;1,322661756;1,383763011;1,474911393;1,505342346
354;360;1,557445532;0,094608078;1,377518966;1,405164191;1,492632324;1,555530274;1,620171048;1,716260108;1,748255841
355;361;1,380488381;0,085286857;1,218374363;1,243262747;1,322046178;1,378732433;1,43701655;1,523703828;1,55258083
356;362;1,286021344;0,078999663;1,135831274;1,158895326;1,231892004;1,284404069;1,338387805;1,418664134;1,445401813
357;363;1,306677202;0,077400877;1,159362379;1,182023412;1,253671646;1,305149243;1,358017226;1,436543089;1,462674906
358;364;1,411664122;0,078305037;1,262343602;1,285380042;1,358088752;1,410216526;1,463661542;1,542886158;1,569210892
359;365;1,375542095;0,074709191;1,232995041;1,255006106;1,324441495;1,374189783;1,425168606;1,500691009;1,52577394
360;366;1,374820974;0,072060199;1,237196275;1,25847828;1,325555313;1,373562186;1,422714485;1,495457566;1,519599016
361;367;1,266953471;0,066867247;1,139270032;1,15900923;1,221233992;1,265777293;1,31139085;1,378909817;1,401320799
362;368;1,210851177;0,063553205;1,089478046;1,108245902;1,16740075;1,209739466;1,253089777;1,317248649;1,338541851
363;369;1,225251967;0,062607451;1,105601172;1,124122415;1,18246282;1,224185768;1,266878893;1,330018463;1,35096168
364;370;1,256849455;0,062147206;1,137979358;1,156403011;1,214392226;1,255825276;1,298190263;1,360789505;1,381539695
365;371;1,156922905;0,058284934;1,045492626;1,062750871;1,11709507;1,155944268;1,195683966;1,254433198;1,273914518
366;372;1,053183513;0,054605021;0,948865868;0,965004351;1,015856719;1,052239951;1,089481769;1,144581293;1,162863163
367;373;0,994462493;0,052632536;0,893967821;0,909502016;0,958474474;0,993534111;1,029438524;1,082589808;1,100232897
368;374;1,023317879;0,053344132;0,921423501;0,937183695;0,986850471;1,02239111;1,058775056;1,112613398;1,130478829
369;375;1,074943255;0,054642437;0,970500667;0,986671047;1,037600254;1,07401752;1,111277148;1,166373268;1,184646547
370;376;1,025391146;0,053092741;0,923959007;0,939651924;0,989098738;1,024474946;1,060684843;1,114255651;1,1320298
371;377;0,937497167;0,05054646;0,841033899;0,855933584;0,902927088;0,936588897;0,971077184;1,022158988;1,039121874
372;378;0,979278787;0,05182893;0,880318493;0,895615508;0,943840242;0,978364579;1,013720795;1,066060552;1,083434261
373;379;1,057056217;0,054083701;0,953698877;0,969697169;1,020092028;1,056133972;1,093015104;1,147561163;1,165654422
374;380;1,062647798;0,054087349;0,959269626;0,975274401;1,025683546;1,061730281;1,098611901;1,153150967;1,171239971
375;381;0,998237466;0,052107572;0,898708649;0,914102119;0,962614778;0,997330948;1,032871998;1,085465068;1,102917772
376;382;1,099747251;0,05457954;0,995361558;1,011538021;1,062458354;1,098844471;1,13605206;1,191035983;1,209263211
377;383;1,24911503;0,057864136;1,138263206;1,155485085;1,209614563;1,248221642;1,28764164;1,345792432;1,365043765
378;384;1,268295311;0,057237366;1,158578392;1,175639452;1,229234354;1,267434386;1,306417795;1,36388789;1,382904668
379;385;1,294907587;0,05640706;1,186697139;1,203543999;1,256428369;1,294088636;1,332494084;1,389064717;1,407771956
380;386;1,281825494;0,054657223;1,176923527;1,193266705;1,244548569;1,281048714;1,318255667;1,373033974;1,391141738
381;387;1,250585136;0,052566014;1,149666088;1,165395978;1,214739904;1,249848708;1,285627601;1,338286334;1,355689147
382;388;1,239779217;0,051084213;1,141664317;1,15696673;1,204951697;1,239077658;1,27384198;1,324984803;1,341880932
383;389;1,096663289;0,046975894;1,00651268;1,020555596;1,064623559;1,09599262;1,127971936;1,175058715;1,190625167
384;390;0,968363823;0,043524717;0,884924696;0,897901343;0,938662256;0,967711804;0,99735464;1,041050419;1,055508224
385;391;0,982443758;0,043805002;0,898452186;0,911518312;0,952553605;0,981792779;1,011624294;1,055589774;1,0701347
386;392;0,947389321;0,043152401;0,864688945;0,877544813;0,917937396;0,946734223;0,976127141;1,019468452;1,033812472
387;393;0,909314256;0,042443155;0,828019184;0,840645758;0,880338251;0,908653982;0,937570516;0,98023503;0,994361505
388;394;0,869410307;0,041829523;0,789348442;0,801769866;0,840843016;0,868739557;0,897246435;0,939338759;0,953283872
389;395;0,778872448;0,040060876;0,702324035;0,714170224;0,751490508;0,77818572;0,805505813;0,845917196;0,859323353
390;396;0,776843607;0,040773715;0,698974465;0,711015326;0,748967194;0,776130368;0,803942549;0,845104841;0,858765882
391;397;0,775625543;0,041697888;0,696042681;0,708336499;0,747108335;0,77487844;0,80332837;0,845463058;0,859453973
392;398;0,790777923;0,043076418;0,708593703;0,721282413;0,761312768;0,789995887;0,81939062;0,862941068;0,877406225
393;399;0,740464171;0,042608925;0,659298199;0,671800076;0,711296839;0,739647042;0,768740798;0,811915611;0,826273624
394;400;0,702683901;0,042528364;0,621793873;0,634224554;0,673550551;0,701826109;0,73088223;0,774069305;0,78844846
395;401;0,750446496;0,045253626;0,664363301;0,677594297;0,719447914;0,74953706;0,780453763;0,826400919;0,841697703
396;402;0,926183953;0,051694547;0,827624393;0,842825644;0,890812172;0,925222361;0,960507554;1,012822387;1,030207943
397;403;1,000844839;0,054519492;0,896828717;0,912888132;0,963552385;0,999855058;1,037058381;1,092177827;1,110485594
398;404;1,049437253;0,055935194;0,942656821;0,959157904;1,011187478;1,048443635;1,08660393;1,143105968;1,16186413
399;405;0,992350681;0,05421791;0,888918437;0,90488571;0,955263036;0,991363442;1,028362186;1,083183261;1,101393109
400;406;1,015812905;0,054768961;0,911291381;0,927435742;0,978354944;1,01482876;1,052198097;1,107547124;1,125927039
401;407;0,997760741;0,05427103;0,89421443;0,9102023;0,960638977;0,996776929;1,033810099;1,088675103;1,106897767
402;408;0,917259594;0,05201302;0,818137564;0,833415076;0,881662132;0,916276652;0,951785606;1,004457067;1,021967373
403;409;0,748209827;0,047226585;0,658502322;0,672260242;0,715837638;0,747216423;0,77949918;0,827548067;0,843562477
404;410;0,693732314;0,04635194;0,605852141;0,619291021;0,661931303;0,692700247;0,72440836;0,771694155;0,787477302
405;411;0,700755487;0,048014975;0,609801608;0,623691996;0,667800019;0,699659148;0,732515938;0,781558774;0,797939395
406;412;0,651883464;0,047798415;0,561562685;0,575304394;0,619038958;0,650715587;0,683454999;0,732446376;0,748840741
407;413;0,573997251;0,046404927;0,486649033;0,499859515;0,542053554;0,572747198;0,604578443;0,652399172;0,668448831
408;414;0,570753963;0,048237514;0,480128716;0,493794716;0,537520251;0,569395602;0,602507139;0,65234687;0,669097966
409;415;0,603026168;0,051900229;0,505598141;0,520271738;0,56725608;0,60153787;0,637174106;0,690857508;0,708911277
410;416;0,66737208;0,057017445;0,560302871;0,576436674;0,628080925;0,665749008;0,704894185;0,763844135;0,783664221
411;417;0,698252172;0,060546142;0,584631952;0,601735401;0,656516994;0,696502949;0,738080813;0,80073593;0,821812138
412;418;0,671967185;0,061341931;0,557127576;0,574351016;0,629638691;0,670101534;0,712262282;0,775947526;0,797408013
413;419;0,705415209;0,064938734;0,583890814;0,602105486;0,660596827;0,703423514;0,748062826;0,815519073;0,838257024
414;420;0,771397987;0,07012709;0,640085595;0,659785605;0,723011581;0,769273968;0,817469395;0,890255895;0,914779741
415;421;0,859927925;0,076007608;0,717417268;0,738840753;0,807514594;0,857689569;0,909901614;0,988650633;1,015157714
416;422;0,821283572;0,075605281;0,679798121;0,701004654;0,769103522;0,818964731;0,870936297;0,949472607;0,975945392
417;423;0,826738922;0,077093802;0,68255777;0,704147502;0,773516965;0,824343816;0,877350446;0,957500625;0,984529764
418;424;0,96932273;0,085015227;0,809866596;0,833850635;0,910707193;0,966838423;1,02523055;1,113269349;1,142895598
419;425;1,017603136;0,087907522;0,852609061;0,877452366;0,957011994;1,015072907;1,075436493;1,166385069;1,19697493
420;426;0,986831221;0,086550824;0,824494894;0,848912147;0,927156934;0,984302041;1,043748881;1,13337789;1,163539266
421;427;0,919156117;0,083559647;0,762691373;0,786164839;0,861501492;0,91662525;0,974052314;1,060780771;1,09000206
422;428;0,945607793;0,085262583;0,785892527;0,809867997;0,886788241;0,943046409;1,001635648;1,090085063;1,119877696
423;429;1,060958246;0,090976419;0,890147583;0,915879848;0,99826113;1,058358994;1,120822339;1,214903256;1,246538866
424;430;1,113164995;0,093087533;0,938197838;0,964601143;1,049044754;1,110571282;1,174458227;1,270576545;1,302870697
425;431;1,093322279;0,091428202;0,921473999;0,947406652;1,030345013;1,090774801;1,15352293;1,247927891;1,279646384
426;432;1,125503209;0,091896952;0,952597113;0,978730552;1,062232292;1,123003081;1,186049098;1,280804314;1,312616125
427;433;1,11019769;0,090346607;0,940184778;0,965886481;1,047998133;1,107747887;1,169727069;1,262865679;1,294131465
428;434;1,129779156;0,090166193;0,959967926;0,985671248;1,067726687;1,127381382;1,189218141;1,282066352;1,313215641
429;435;1,006565733;0,084173255;0,848353838;0,872228701;0,948585795;1,004220401;1,061989384;1,148903189;1,178104778
430;436;0,913293361;0,079794811;0,763602626;0,786123905;0,858281428;0,910970514;0,965773552;1,048386566;1,07618337
431;437;0,88223714;0,078909689;0,734366425;0,756576824;0,827809322;0,879885627;0,934101995;1,015919007;1,043469959
432;438;0,823378557;0,077116467;0,679185775;0,700770114;0,770135969;0,820972273;0,873998533;0,954195417;0,981244532
433;439;0,745856081;0,074585608;0,606858277;0,627557916;0,694286352;0,743371373;0,794717803;0,872630242;0,898972486
434;440;0,773900949;0,077779972;0,628988504;0,650560072;0,720116447;0,771296788;0,824847263;0,906125314;0,933610734
435;441;0,748167781;0,078429294;0,602378027;0,624003373;0,693881361;0,745429031;0,799469393;0,881674833;0,909519452
436;442;0,890232345;0,087717199;0,726636494;0,751028478;0,829603404;0,887352998;0,947723153;1,039258412;1,070189275
437;443;0,922276701;0,090874624;0,752792135;0,778062121;0,85946539;0,91929371;0,981836919;1,076667034;1,10871127
438;444;0,94769594;0,092929233;0,774336258;0,800194026;0,883471445;0,94466019;1,008611835;1,105553578;1,138305436
439;445;0,914172406;0,091877784;0,742994222;0,76847569;0,85063933;0,911096233;0,974352864;1,070362763;1,102829983
440;446;0,956372079;0,094694946;0,779807136;0,806122456;0,89091305;0,953248502;1,018426802;1,117277035;1,150685842
441;447;0,969496193;0,095994427;0,790508283;0,817184723;0,903138882;0,966329752;1,032402482;1,132609217;1,166476487
442;448;1,04423647;0,100019714;0,8574268;0,885342357;0,975147498;1,041044829;1,109846902;1,21401807;1,249181867
443;449;1,052139097;0,100317527;0,86473038;0,89274538;0,982851319;1,04895252;1,117953849;1,222403018;1,257654781
444;450;0,94798228;0,094798228;0,771316219;0,797625438;0,88243721;0,944824218;1,010085476;1,109112102;1,142593067
445;451;0,922799323;0,093696075;0,748328086;0,774277863;0,857993798;0,919630136;0,984150874;1,082131734;1,115278433
446;452;1,227480492;0,10892128;1,02329518;1,053981578;1,152364511;1,224260266;1,29908667;1,411964325;1,449964255
447;453;1,232892155;0,108131795;1,030078159;1,06058372;1,158338414;1,229732339;1,304001921;1,415979431;1,45366138
448;454;1,205296124;0,104512429;1,009169257;1,038692574;1,13325446;1,202276681;1,274046797;1,382199657;1,418580599
449;455;1,237439277;0,103843597;1,042284786;1,071727528;1,165905172;1,234535706;1,305808647;1,413055724;1,449093055
450;456;1,212964506;0,100731219;1,023573494;1,052166639;1,143588548;1,210177224;1,279302468;1,383270374;1,418194026
451;457;1,381162572;0,105312659;1,182461186;1,212622495;1,308747113;1,378486825;1,450661527;1,558830132;1,59506889
452;458;1,303936807;0,099424249;1,11634553;1,144820411;1,235570356;1,30141067;1,369549825;1,471670335;1,505882854
453;459;1,011634773;0,084894504;0,852091535;0,876161646;0,953154014;1,009261037;1,067528289;1,155205215;1,184666553
454;460;1,032244462;0,084849972;0,872642846;0,896754839;0,973817857;1,029920521;1,088138081;1,175661531;1,205051717
455;461;0,961967777;0,081888135;0,80817082;0,831351586;0,905542114;0,959645183;1,015861951;1,100506832;1,128962627
456;462;0,894889492;0,079097804;0,746584866;0,768879352;0,840345224;0,892560132;0,946894931;1,028845601;1,056430364
457;463;0,868075428;0,078591857;0,720884177;0,742973049;0,813853155;0,865704793;0,919713909;1,001264594;1,028737405
458;464;0,788762526;0,075898709;0,647037188;0,668208039;0,736329928;0,786329414;0,838543303;0,917616967;0,944313414
459;465;0,826509923;0,079165293;0,678650649;0,700745725;0,771826216;0,823983748;0,878440376;0,960891531;0,988723568
460;466;0,828856629;0,080888124;0,677922605;0,70044402;0,77295984;0,826226828;0,881887247;0,966240159;0,994733788
461;467;0,768736201;0,079289085;0,621217101;0,643129296;0,713875474;0,766011912;0,820627854;0,903636408;0,931735125
462;468;0,862267872;0,08579886;0,702331343;0,726158846;0,802951789;0,859423779;0,918484258;1,008078844;1,038365115
463;469;0,903942266;0,089503621;0,73705689;0,761929563;0,842071803;0,900989929;0,962595053;1,056026161;1,087603445
464;470;0,888365243;0,089738441;0,721217846;0,746088888;0,82630433;0,885345426;0,947134967;1,040943;1,072671787
465;471;0,815270093;0,086908084;0,653870454;0,677776353;0,755091003;0,812184037;0,872085894;0,963291258;0,994205004
466;472;0,890098642;0,09229893;0,718424482;0,743913049;0,82622835;0,886910365;0,950494192;1,047160331;1,079889045
467;473;0,976610313;0,09815303;0,793740672;0,820962522;0,908737933;0,973324039;1,040901093;1,14346846;1,178153189
468;474;0,958443399;0,09782072;0,776342231;0,803415139;0,890776975;0,955117533;1,0224851;1,124817092;1,159442694
469;475;0,91511573;0,095930194;0,736794101;0,763244979;0,848715708;0,911765849;0,977864906;1,078413865;1,112471798
470;476;0,816668096;0,091306269;0,647567009;0,672506049;0,753370184;0,813267844;0,876260399;0,972429449;1,005089465
471;477;0,863166068;0,095320746;0,686501589;0,71258574;0,797105245;0,85965981;0,925405728;1,025707303;1,059753236
472;478;0,914709993;0,099803042;0,729608514;0,75696831;0,845563125;0,911082764;0,979903835;1,084825237;1,120421604
473;479;0,879559238;0,098958146;0,696355332;0,723358432;0,810945956;0,875850814;0,944131079;1,04841063;1,083834422
474;480;0,842408554;0,097928005;0,661471904;0,688057889;0,774453505;0,838616975;0,906231624;1,009693533;1,044888738
475;481;1,103330292;0,11379983;0,891603185;0,92305271;1,024591314;1,099420249;1,177807899;1,296946105;1,337274848
476;482;1,235354277;0,120558233;1,010397408;1,043964041;1,152043925;1,231434738;1,314392796;1,440115059;1,482582869
477;483;1,225330747;0,117907506;1,005162562;1,038051161;1,143877493;1,221550944;1,302664438;1,425504189;1,466976718
478;484;1,163178253;0,112448686;0,953252649;0,984599781;1,085488129;1,159556659;1,236921252;1,354110898;1,393682641
479;485;1,135193371;0,109234033;0,931221125;0,961690384;1,059731954;1,131691616;1,206838266;1,32064172;1,35906346
480;486;1,096256199;0,105979087;0,898408411;0,927952023;1,023035882;1,092842968;1,165756483;1,276203765;1,313498795
481;487;1,135437546;0,106812979;0,935761242;0,965640944;1,061684966;1,132089935;1,205541568;1,316653665;1,354135913
482;488;0,865856313;0,092300593;0,694442082;0,719831305;0,801943206;0,862578772;0,926197445;1,023061958;1,055893852
483;489;0,822270957;0,090255963;0,654934228;0,679654813;0,759729498;0,818971033;0,881216105;0,976144136;1,008358019
484;490;0,791310595;0,090178212;0,624489947;0,649048585;0,728764868;0,787887657;0,850126032;0,945249331;0,977580309
485;491;0,792881566;0,09217061;0,622582566;0,647605504;0,728921738;0,789312901;0,852952342;0,950331505;0,983457509
486;492;0,817509631;0,095682265;0,640797051;0,666745159;0,751101392;0,813779756;0,879853152;0,980997936;1,015415096
487;493;0,86306316;0,100329054;0,677690212;0,704928046;0,793441953;0,859178617;0,928451076;1,034449717;1,070507857
488;494;0,77122613;0,096403266;0,593938096;0,619797106;0,704201393;0,767213068;0,83387774;0,936345168;0,971315536
489;495;0,677177846;0,092152233;0,50871684;0,533057483;0,612956639;0,673002354;0,736849237;0,835542543;0,869362235
490;496;0,546542219;0,085355554;0,392208133;0,414120976;0,486809318;0,542105266;0,601441081;0,694100209;0,726083297
491;497;0,566813928;0,090762868;0,403060112;0,426229137;0,503246073;0,561976795;0,625111907;0,723900793;0,758047775
492;498;0,512516294;0,090600937;0,350560766;0,373135127;0,448852235;0,507187582;0,570375702;0,670077102;0,704742345
493;499;0,602217495;0,103279448;0,417053122;0,44298617;0,529719356;0,596323803;0,668295258;0,781555779;0,82086264
494;500;0,662544592;0,11362546;0,45883139;0,48736228;0,582783957;0,6560605;0,73524169;0,859848076;0,903092499
